species_ncbi_tax_id,ncbi_tax_id,organism_name,primary_key
4911,1003335,Kluyveromyces marxianus DMKU3-1042,<i>Kluyveromyces marxianus</i> DMKU3-1042
1069201,1033177,Aspergillus luchuensis IFO 4308,<i>Aspergillus luchuensis</i> IFO 4308
79591,1035635,Epichloe glyceriae E277,<i>Epichloe glyceriae</i> E277
46472,1036611,Aspergillus versicolor CBS 583.65,<i>Aspergillus versicolor</i> CBS 583.65
75750,1036612,Aspergillus sydowii CBS 593.65,<i>Aspergillus sydowii</i> CBS 593.65
263815,1069680,Pneumocystis murina B123,<i>Pneumocystis murina</i> B123
5066,1073089,Aspergillus wentii DTO 134E9,<i>Aspergillus wentii</i> DTO 134E9
41063,1073090,Penicilliopsis zonata CBS 506.65,<i>Penicilliopsis zonata</i> CBS 506.65
337075,1076935,Pyronema omphalodes CBS 100304,<i>Pyronema omphalodes</i> CBS 100304
2502994,1089451,Fusarium odoratissimum NRRL 54006,<i>Fusarium odoratissimum</i> NRRL 54006
5507,1089452,Fusarium oxysporum f. sp. melonis 26406,<i>Fusarium oxysporum</i> f. sp. melonis 26406
67593,1094619,Phytophthora sojae strain P6497,<i>Phytophthora sojae</i> strain P6497
5011,1097556,Taphrina deformans PYCC 5710,<i>Taphrina deformans</i> PYCC 5710
5111,1111077,Claviceps purpurea 20.1,<i>Claviceps purpurea</i> 20.1
35725,1126212,Macrophomina phaseolina MS6,<i>Macrophomina phaseolina</i> MS6
5322,1137138,Pleurotus ostreatus PC15,<i>Pleurotus ostreatus</i> PC15
5322,1137139,Pleurotus ostreatus PC9,<i>Pleurotus ostreatus</i> PC9
1069201,1137211,Aspergillus luchuensis CBS 106.47,<i>Aspergillus luchuensis</i> CBS 106.47
112098,1156394,Saprolegnia diclina VS20,<i>Saprolegnia diclina</i> VS20
91943,1157616,Hortaea werneckii EXF-2000,<i>Hortaea werneckii</i> EXF-2000
41413,1160497,Aspergillus glaucus CBS 516.65,<i>Aspergillus glaucus</i> CBS 516.65
36651,1170230,Penicillium digitatum Pd1,<i>Penicillium digitatum</i> Pd1
1182553,1182543,Cladophialophora psammophila CBS 110553,<i>Cladophialophora psammophila</i> CBS 110553
470704,1182544,Cladophialophora yegresii CBS 114405,<i>Cladophialophora yegresii</i> CBS 114405
1033840,1182545,Exophiala aquamarina CBS 119918,<i>Exophiala aquamarina</i> CBS 119918
82508,1186058,Trichosporon asahii var. asahii CBS 2479,<i>Trichosporon asahii</i> var. asahii CBS 2479
27337,1202531,Verticillium dahliae JR2,<i>Verticillium dahliae</i> JR2
42068,1209962,Pneumocystis jirovecii SE8,<i>Pneumocystis jirovecii</i> SE8
293227,1220924,Cyphellophora europaea CBS 101466,<i>Cyphellophora europaea</i> CBS 101466
36080,1220926,Mucor circinelloides 1006PhL,<i>Mucor circinelloides</i> 1006PhL
65070,1223555,Pythium aphanidermatum DAOM BR444,<i>Pythium aphanidermatum</i> DAOM BR444
82932,1223556,Pythium arrhenomanes ATCC 12531,<i>Pythium arrhenomanes</i> ATCC 12531
36331,1223557,Globisporangium irregulare DAOM BR486,<i>Globisporangium irregulare</i> DAOM BR486
115417,1223558,Globisporangium iwayamae DAOM BR242034,<i>Globisporangium iwayamae</i> DAOM BR242034
2052682,1223559,Globisporangium ultimum var. sporangiiferum BR650,<i>Globisporangium ultimum</i> var. sporangiiferum BR650
907947,1223560,Phytopythium vexans DAOM BR484,<i>Phytopythium vexans</i> DAOM BR484
948311,1227346,Fusarium proliferatum ET1,<i>Fusarium proliferatum</i> ET1
5507,1229664,Fusarium oxysporum f. sp. cubense race 1,<i>Fusarium oxysporum</i> f. sp. cubense race 1
76777,1230383,Malassezia sympodialis ATCC 42132,<i>Malassezia sympodialis</i> ATCC 42132
61273,1262450,Ophiostoma piceae UAMH 11346,<i>Ophiostoma piceae</i> UAMH 11346
42458,1263082,Lichtheimia corymbifera JMRC:FSU:9682,<i>Lichtheimia corymbifera</i> JMRC:FSU:9682
34373,1268274,Blumeria graminis f. sp. tritici 96224,<i>Blumeria graminis</i> f. sp. tritici 96224
1047171,1276537,Zymoseptoria tritici ST99CH_3D1,<i>Zymoseptoria tritici</i> ST99CH_3D1
86049,1279043,Cladophialophora carrionii CBS 160.54,<i>Cladophialophora carrionii</i> CBS 160.54
5127,1279085,Fusarium fujikuroi IMI 58289,<i>Fusarium fujikuroi</i> IMI 58289
74722,1280524,Stachybotrys chartarum IBT 40293,<i>Stachybotrys chartarum</i> IBT 40293
5208,1295531,Cryptococcus depauperatus CBS 7841,<i>Cryptococcus depauperatus</i> CBS 7841
5208,1295532,Cryptococcus depauperatus CBS 7855,<i>Cryptococcus depauperatus</i> CBS 7855
324769,1296100,Kwoniella bestiolae CBS 10118,<i>Kwoniella bestiolae</i> CBS 10118
37769,1296103,Cryptococcus gattii EJB2,<i>Cryptococcus gattii</i> EJB2
1859121,1296105,Cryptococcus tetragattii IND107,<i>Cryptococcus tetragattii</i> IND107
37769,1296108,Cryptococcus gattii NT-10,<i>Cryptococcus gattii</i> NT-10
552467,1296111,Cryptococcus bacillisporus CA1873,<i>Cryptococcus bacillisporus</i> CA1873
89924,1296119,Kwoniella heveanensis CBS 569,<i>Kwoniella heveanensis</i> CBS 569
324770,1296121,Kwoniella dejecticola CBS 10117,<i>Kwoniella dejecticola</i> CBS 10117
463800,1296122,Kwoniella mangroviensis CBS 8507,<i>Kwoniella mangrovensis</i> CBS8507
5365,1328758,Lentinus tigrinus ALCF2SS1-7,<i>Lentinus tigrinus</i> ALCF2SS1-7
5061,1353008,Aspergillus niger ATCC 13496,<i>Aspergillus niger</i> ATCC 13496
41068,1392248,Aspergillus campestris IBT 28561,<i>Aspergillus campestris</i> IBT 28561
306088,1392250,Aspergillus steynii IBT 23096,<i>Aspergillus steynii</i> IBT 23096
340412,1392255,Aspergillus novofumigatus IBT 16806,<i>Aspergillus novofumigatus</i> IBT 16806
138278,1392256,Aspergillus ochraceoroseus IBT 24754,<i>Aspergillus ochraceoroseus</i> IBT 24754
40410,1396488,Cryptococcus deneoformans XL280,<i>Cryptococcus deneoformans</i> XL280
29908,1397361,Sporothrix schenckii 1099-18,<i>Sporothrix schenckii</i> 1099-18
545650,1398154,Sporothrix brasiliensis 5110,<i>Sporothrix brasiliensis</i> 5110
42068,1408657,Pneumocystis jirovecii RU7,<i>Pneumocystis jirovecii</i> RU7
4754,1408658,Pneumocystis carinii B80,<i>Pneumocystis carinii</i> B80
40355,1442368,Fonsecaea pedrosoi CBS 271.37,<i>Fonsecaea pedrosoi</i> CBS 271.37
86056,1442369,Rhinocladiella mackenziei CBS 650.93,<i>Rhinocladiella mackenziei</i> CBS 650.93
89940,1442370,Cladophialophora bantiana CBS 173.52,<i>Cladophialophora bantiana</i> CBS 173.52
979981,1442371,Fonsecaea multimorphosa CBS 102226,<i>Fonsecaea multimorphosa</i> CBS 102226
1955774,1447872,Emergomyces pasteurianus Ep9510,<i>Emergomyces pasteurianus</i> Ep9510
1340029,1448314,Aspergillus eucalypticola CBS 122712,<i>Aspergillus eucalypticola</i> CBS 122712
446911,1448315,Aspergillus uvarum CBS 121591,<i>Aspergillus uvarum</i> CBS 121591
301854,1448316,Aspergillus ibericus CBS 121593,<i>Aspergillus ibericus</i> CBS 121593
487660,1448318,Aspergillus sclerotiicarbonarius CBS 121057,<i>Aspergillus sclerotiicarbonarius</i> CBS 121057
1191702,1448319,Aspergillus fijiensis CBS 313.89,<i>Aspergillus fijiensis</i> CBS 313.89
41066,1448320,Aspergillus ellipticus CBS 707.79,<i>Aspergillus ellipticus</i> CBS 707.79
51019,1448321,Aspergillus heteromorphus CBS 117.55,<i>Aspergillus heteromorphus</i> CBS 117.55
319626,1450537,Aspergillus homomorphus CBS 101889,<i>Aspergillus homomorphus</i> CBS 101889
40410,214684,Cryptococcus deneoformans JEC21,<i>Cryptococcus deneoformans</i> JEC21
199306,222929,Coccidioides posadasii C735 delta SOWgp,<i>Coccidioides posadasii</i> C735 delta SOWgp
1715222,2249419,Chaetothyriales sp. CBS 132003,<i>Chaetothyriales sp.</i> CBS 132003
162425,227321,Aspergillus nidulans FGSC A4,<i>Aspergillus nidulans</i> FGSC A4
5518,229533,Fusarium graminearum PH-1,<i>Fusarium graminearum</i> PH-1
5207,235443,Cryptococcus neoformans H99,<i>Cryptococcus neoformans</i> H99
5476,237561,Candida albicans SC5314,<i>Candida albicans</i> SC5314
5346,240176,Coprinopsis cinerea okayama7#130,<i>Coprinopsis cinerea</i> okayama7#130
318829,242507,Pyricularia oryzae 70-15,<i>Pyricularia oryzae</i> 70-15
936053,246409,Rhizopus delemar RA 99-880,<i>Rhizopus delemar</i> RA 99-880
5501,246410,Coccidioides immitis RS,<i>Coccidioides immitis</i> RS
2822231,273507,Phanerochaete chrysosporium RP-78,<i>Phanerodontia chrysosporium</i> RP-78
40410,283643,Cryptococcus deneoformans B-3501A,<i>Cryptococcus deneoformans</i> B-3501A
28985,284590,Kluyveromyces lactis NRRL Y-1140,<i>Kluyveromyces lactis</i> NRRL Y-1140
4952,284591,Yarrowia lipolytica CLIB122,<i>Yarrowia lipolytica</i> CLIB122
4959,284592,Debaryomyces hansenii CBS767,<i>Debaryomyces hansenii</i> CBS767
5478,284593,Nakaseomyces glabratus CBS 138,<i>Nakaseomyces glabratus</i> CBS 138
4896,284812,Schizosaccharomyces pombe 972h-,<i>Schizosaccharomyces pombe</i> 972h-
4929,294746,Meyerozyma guilliermondii ATCC 6260,<i>Meyerozyma guilliermondii</i> ATCC 6260
5482,294747,Candida tropicalis MYA-3404,<i>Candida tropicalis</i> MYA-3404
5476,294748,Candida albicans WO-1,<i>Candida albicans</i> WO-1
1859096,294750,Cryptococcus deuterogattii R265,<i>Cryptococcus deuterogattii</i> R265
38033,306901,Chaetomium globosum CBS 148.51,<i>Chaetomium globosum</i> CBS 148.51
36911,306902,Clavispora lusitaniae ATCC 42720,<i>Clavispora lusitaniae</i> ATCC 42720
13684,321614,Parastagonospora nodorum SN15,<i>Parastagonospora nodorum</i> SN15
746128,330879,Aspergillus fumigatus Af293,<i>Aspergillus fumigatus</i> Af293
36630,331117,Aspergillus fischeri NRRL 181,<i>Aspergillus fischeri</i> NRRL 181
40559,332648,Botrytis cinerea B05.10,<i>Botrytis cinerea</i> B05.10
5059,332952,Aspergillus flavus NRRL3357,<i>Aspergillus flavus</i> NRRL3357
117187,334819,Fusarium verticillioides 7600,<i>Fusarium verticillioides</i> 7600
1047171,336722,Zymoseptoria tritici IPO323,<i>Zymoseptoria tritici</i> IPO323
33188,336963,Uncinocarpus reesii 1704,<i>Uncinocarpus reesii</i> 1704
33178,341663,Aspergillus terreus NIH2624,<i>Aspergillus terreus</i> NIH2624
5057,344612,Aspergillus clavatus NRRL 1,<i>Aspergillus clavatus</i> NRRL 1
5141,367110,Neurospora crassa OR74A,<i>Neurospora crassa</i> OR74A
37769,367775,Cryptococcus gattii WM276,<i>Cryptococcus gattii</i> WM276
36914,379508,Lodderomyces elongisporus NRRL YB-4239,<i>Lodderomyces elongisporus</i> NRRL YB-4239
5061,380704,Aspergillus niger ATCC 1015,<i>Aspergillus niger</i> ATCC 1015
1873960,383855,Pseudocercospora fijiensis CIRAD86,<i>Pseudocercospora fijiensis</i> CIRAD86
5105,392613,Ascosphaera apis ARSEF 7405,<i>Ascosphaera apis</i> ARSEF 7405
5501,396776,Coccidioides immitis H538.4,<i>Coccidioides immitis</i> H538.4
4897,402676,Schizosaccharomyces japonicus yFS275,<i>Schizosaccharomyces japonicus</i> yFS275
109871,403673,Batrachochytrium dendrobatidis JEL423,<i>Batrachochytrium dendrobatidis</i> JEL423
4787,403677,Phytophthora infestans T30-4,<i>Phytophthora infestans</i> T30-4
5501,404692,Coccidioides immitis RMSCC 2394,<i>Coccidioides immitis</i> RMSCC 2394
29875,413071,Trichoderma virens Gv29-8,<i>Trichoderma virens</i> Gv29-8
5297,418459,Puccinia graminis f. sp. tritici CRL 75-36-700-3,<i>Puccinia graminis</i> f. sp. tritici CRL 75-36-700-3
5061,425011,Aspergillus niger CBS 513.88,<i>Aspergillus niger</i> CBS 513.88
76775,425264,Malassezia restricta CBS 7877,<i>Malassezia restricta</i> CBS 7877
76773,425265,Malassezia globosa CBS 7966,<i>Malassezia globosa</i> CBS 7966
5507,426428,Fusarium oxysporum f. sp. lycopersici 4287,<i>Fusarium oxysporum</i> f. sp. lycopersici 4287
51453,431241,Trichoderma reesei QM6a,<i>Trichoderma reesei</i> QM6a
2052682,431595,Globisporangium ultimum DAOM BR144,<i>Globisporangium ultimum</i> DAOM BR144
28564,441959,Talaromyces stipitatus ATCC 10500,<i>Talaromyces stipitatus</i> ATCC 10500
37727,441960,Talaromyces marneffei ATCC 18224,<i>Talaromyces marneffei</i> ATCC 18224
199306,443226,Coccidioides posadasii str. Silveira,<i>Coccidioides posadasii</i> str. Silveira
5037,447093,Histoplasma capsulatum G186AR,<i>Histoplasma capsulatum</i> G186AR
5037,447094,Histoplasma capsulatum G217B,<i>Histoplasma capsulatum</i> G217B
5039,447095,Blastomyces dermatitidis ATCC 26199,<i>Blastomyces dermatitidis</i> ATCC 26199
746128,451804,Aspergillus fumigatus A1163,<i>Aspergillus fumigatus</i> A1163
199306,454284,Coccidioides posadasii RMSCC 3488,<i>Coccidioides posadasii</i> RMSCC 3488
5501,454286,Coccidioides immitis RMSCC 3703,<i>Coccidioides immitis</i> RMSCC 3703
199306,469470,Coccidioides posadasii RMSCC 2133,<i>Coccidioides posadasii</i> RMSCC 2133
199306,469471,Coccidioides posadasii RMSCC 3700,<i>Coccidioides posadasii</i> RMSCC 3700
199306,469472,Coccidioides posadasii CPA 0001,<i>Coccidioides posadasii</i> CPA 0001
121759,482561,Paracoccidioides brasiliensis Pb03,<i>Paracoccidioides brasiliensis</i> Pb03
4899,483514,Schizosaccharomyces octosporus yFS286,<i>Schizosaccharomyces octosporus</i> yFS286
199306,490065,Coccidioides posadasii RMSCC 1037,<i>Coccidioides posadasii</i> RMSCC 1037
199306,490066,Coccidioides posadasii RMSCC 1038,<i>Coccidioides posadasii</i> RMSCC 1038
199306,490068,Coccidioides posadasii CPA 0020,<i>Coccidioides posadasii</i> CPA 0020
199306,490069,Coccidioides posadasii CPA 0066,<i>Coccidioides posadasii</i> CPA 0066
1108849,500485,Penicillium rubens Wisconsin 54-1255,<i>Penicillium rubens</i> Wisconsin 54-1255
1048829,502779,Paracoccidioides lutzii Pb01,<i>Paracoccidioides lutzii</i> Pb01
121759,502780,Paracoccidioides brasiliensis Pb18,<i>Paracoccidioides brasiliensis</i> Pb18
5062,510516,Aspergillus oryzae RIB40,<i>Aspergillus oryzae</i> RIB40
40127,510951,Neurospora tetrasperma FGSC 2508,<i>Neurospora tetrasperma</i> FGSC 2508
29879,510953,Neurospora discreta FGSC 8579,<i>Neurospora discreta</i> FGSC 8579
2587412,515849,Podospora anserina S mat+,<i>Podospora anserina</i> S mat+
63402,535722,Nannizzia gypsea CBS 118893,<i>Nannizzia gypsea</i> CBS 118893
5037,544711,Histoplasma capsulatum var. duboisii H88,<i>Histoplasma capsulatum</i> var. duboisii H88
5037,544712,Histoplasma capsulatum H143,<i>Histoplasma capsulatum</i> H143
63405,554155,Microsporum canis CBS 113480,<i>Microsporum canis</i> CBS 113480
4932,559292,Saccharomyces cerevisiae S288C,<i>Saccharomyces cerevisiae</i> S288C
5039,559297,Blastomyces dermatitidis ER-3,<i>Blastomyces dermatitidis</i> ER-3
1681229,559298,Blastomyces gilchristii SLH14081,<i>Blastomyces gilchristii</i> SLH14081
5551,559305,Trichophyton rubrum CBS 118892,<i>Trichophyton rubrum</i> CBS 118892
272952,559515,Hyaloperonospora arabidopsidis Emoy2,<i>Hyaloperonospora arabidopsidis</i> Emoy2
63418,559882,Trichophyton equinum CBS 127.97,<i>Trichophyton equinum</i> CBS 127.97
78579,573729,Thermothelomyces thermophilus ATCC 42464,<i>Thermothelomyces thermophilus</i> ATCC 42464
42374,573826,Candida dubliniensis CD36,<i>Candida dubliniensis</i> CD36
5480,578454,Candida parapsilosis CDC317,<i>Candida parapsilosis</i> CDC317
5217,578456,Tremella mesenterica DSM 1558,<i>Tremella mesenterica</i> DSM 1558
5334,578458,Schizophyllum commune H4-8,<i>Schizophyllum commune</i> H4-8
28583,578462,Allomyces macrogynus ATCC 38327,<i>Allomyces macrogynus</i> ATCC 38327
40993,602072,Aspergillus carbonarius ITEM 5010,<i>Aspergillus carbonarius</i> ITEM 5010
208348,630390,Puccinia triticina 1-1 BBBD Race 1,<i>Puccinia triticina</i> 1-1 BBBD Race 1
36779,644352,Gaeumannomyces tritici R3-111a-1,<i>Gaeumannomyces tritici</i> R3-111a-1
148304,644358,Magnaporthiopsis poae ATCC 64411,<i>Magnaporthiopsis poae</i> ATCC 64411
31870,645133,Colletotrichum graminicola M1.001,<i>Colletotrichum graminicola</i> M1.001
109760,645134,Spizellomyces punctatus DAOM BR117,<i>Spizellomyces punctatus</i> DAOM BR117
34387,647933,Trichophyton tonsurans CBS 112818,<i>Trichophyton tonsurans</i> CBS 112818
92637,655827,Metarhizium acridum CQMa 102,<i>Metarhizium acridum</i> CQMa 102
655981,658429,Pseudogymnoascus destructans 20631-21,<i>Pseudogymnoascus destructans</i> 20631-21
5507,660025,Fusarium oxysporum f. sp. conglutinans Fo5176,<i>Fusarium oxysporum</i> f. sp. conglutinans Fo5176
5507,660027,Fusarium oxysporum Fo47,<i>Fusarium oxysporum</i> Fo47
5507,660029,Fusarium oxysporum NRRL 32931,<i>Fusarium oxysporum</i> NRRL 32931
2747968,660122,Fusarium vanettenii 77-13-4,<i>Fusarium vanettenii</i> 77-13-4
5180,665079,Sclerotinia sclerotiorum 1980 UF-70,<i>Sclerotinia sclerotiorum</i> 1980 UF-70
45130,665912,Bipolaris sorokiniana ND90Pr,<i>Bipolaris sorokiniana</i> ND90Pr
5053,690307,Aspergillus aculeatus ATCC 16872,<i>Aspergillus aculeatus</i> ATCC 16872
101203,695850,Saprolegnia parasitica CBS 223.65,<i>Saprolegnia parasitica</i> CBS 223.65
588596,747089,Rhizophagus irregularis DAOM 181602=DAOM 197198,<i>Rhizophagus irregularis</i> DAOM 181602=DAOM 197198
203908,747676,Melampsora larici-populina 98AG31,<i>Melampsora laricis-populina</i> 98AG31
29924,747725,Mucor lusitanicus CBS 277.49,<i>Mucor lusitanicus</i> CBS 277.49
80884,759273,Colletotrichum higginsianum IMI 349063,<i>Colletotrichum higginsianum</i> IMI 349063
4792,761204,Phytophthora nicotianae INRA-310,<i>Phytophthora nicotianae</i> INRA-310
4837,763407,Phycomyces blakesleeanus NRRL 1555(-),<i>Phycomyces blakesleeanus</i> NRRL 1555(-)
4784,763924,Phytophthora capsici LT1534,<i>Phytophthora capsici</i> LT1534
319629,767769,Aspergillus brasiliensis CBS 101740,<i>Aspergillus brasiliensis</i> CBS 101740
5068,767770,Aspergillus tubingensis CBS 134.48,<i>Aspergillus tubingensis</i> CBS 134.48
5147,771870,Sordaria macrospora k-hell,<i>Sordaria macrospora</i> k-hell
5570,794803,Cenococcum geophilum 1.58,<i>Cenococcum geophilum</i> 1.58
5970,858893,Exophiala dermatitidis NIH/UT8656,<i>Exophiala dermatitidis</i> NIH/UT8656
27350,875184,Puccinia striiformis f. sp. tritici PST-130,<i>Puccinia striiformis</i> f. sp. tritici PST-130
35717,877507,Epichloe festucae Fl1,<i>Epichloe festucae</i> Fl1
653948,890382,Albugo laibachii Nc14,<i>Albugo laibachii</i> Nc14
65357,911350,Albugo candida 2VRR,<i>Albugo candida</i> 2VRR
73501,983644,Cordyceps militaris CM01,<i>Cordyceps militaris</i> CM01
5022,985895,Plenodomus lingam JN3,<i>Plenodomus lingam</i> JN3
72558,999809,Sporisorium reilianum SRZ2,<i>Sporisorium reilianum</i> SRZ2
5599,,Alternaria alternata SRC1lrK2f,<i>Alternaria alternata</i> SRC1lrK2f
112090,,Aphanomyces astaci strain APO3,<i>Aphanomyces astaci</i> strain APO3
573508,,Aspergillus cristatus GZAAS20.1005,<i>Aspergillus cristatus</i> GZAAS20.1005
48095,,Alternaria dauci A2016,<i>Alternaria dauci</i> A2016
100861,,Aphanomyces euteiches MF1,<i>Aphanomyces euteiches</i> MF1
97331,,Arthrobotrys flagrans CBS H-5679,<i>Arthrobotrys flagrans</i> CBS H-5679
5059,,Aspergillus flavus NRRL3357 2020,<i>Aspergillus flavus</i> NRRL3357 2020
746128,,Aspergillus fumigatus A1160,<i>Aspergillus fumigatus</i> A1160
157072,,Aphanomyces invadans NJM9701,<i>Aphanomyces invadans</i> NJM9701
293939,,Aspergillus lentulus strain IFM 54703,<i>Aspergillus lentulus</i> strain IFM 54703
82521,,Apiotrichum montevideense JCM 9937,<i>Apiotrichum montevideense</i> JCM 9937
2074759,,Amauroascus mutatus isolate UAMH 3576,<i>Amauroascus verrucosus</i> UAMH3576
5061,,Aspergillus niger strain LDM3,<i>Aspergillus niger</i> strain LDM3
5061,,Aspergillus niger strain N402 (ATCC64974),<i>Aspergillus niger</i> strain N402 (ATCC64974)
89421,,Amauroascus niger isolate UAMH 3544,<i>Amauroascus niger</i> isolate UAMH 3544
5067,,Aspergillus parasiticus CBS 117618,<i>Aspergillus parasiticus</i> CBS 117618
1220188,,Aspergillus tanneri NIH1004,<i>Aspergillus tanneri</i> NIH1004
41047,,Aspergillus thermomutatus strain HMR AF 39,<i>Aspergillus thermomutatus</i> strain HMR AF 39
760013,,Apophysomyces variabilis NCCPF 102052,<i>Apophysomyces variabilis</i> NCCPF 102052
176275,,Beauveria bassiana HN6,<i>Beauveria bassiana</i> HN6
166112,,Byssoonygena ceratinophila isolate UAMH 5669,<i>Byssoonygena ceratinophila</i> isolate UAMH 5669
34373,,Blumeria graminis f. sp. triticale THUN-12,<i>Blumeria graminis</i> f. sp. triticale THUN-12
2867405,,Blumeria hordei strain RACE1,<i>Blumeria hordei</i> strain RACE1
4779,,Bremia lactucae strain SF5,<i>Bremia lactucae</i> strain SF5
5016,,Bipolaris maydis C4,<i>Bipolaris maydis</i> C4
1658174,,Blastomyces percursus strain EI222,<i>Blastomyces percursus</i> strain EI222
1357716,,Batrachochytrium salamandrivorans BS,<i>Batrachochytrium salamandrivorans</i> BS
5476,,Candida albicans SC5314_B,<i>Candida albicans</i> SC5314_B
498019,,Candida auris strain 6684,<i>Candidozyma auris</i> 6684
498019,,Candida auris strain B11220,<i>Candidozyma auris</i> B11220
498019,,Candida auris strain B11221,<i>Candidozyma auris</i> B11221
498019,,Candida auris strain B11243,<i>Candidozyma auris</i> B11243
498019,,Candida auris strain B11245,<i>Candidozyma auris</i> B11245
498019,,Candida auris strain B8441,<i>Candidozyma auris</i> B8441
122368,,Cercospora beticola Cb09-40,<i>Cercospora beticola</i> Cb09-40
86049,,Cladophialophora carrionii KSF,<i>Cladophialophora carrionii</i> KSF
2011032,,Cryptococcus cf. gattii MF34,<i>Cryptococcus cf. gattii</i> MF34
5346,,Coprinopsis cinerea #326,<i>Coprinopsis cinerea</i> #326
95742,,Curvularia clavata yc1106,<i>Curvularia clavata</i> yc1106
1231522,,Candida duobushaemulonis strain B09383,<i>Candidozyma duobushaemuli</i> B09383
36022,,Cyberlindnera fabianii 65,<i>Cyberlindnera fabianii</i> 65
45357,,Candida haemulonis B11899,<i>Candidozyma haemuli</i> B11899
569365,,Cladophialophora immunda strain CBS 83496,<i>Cladophialophora immunda</i> strain CBS 83496
5501,,Coccidioides immitis WA_211,<i>Coccidioides immitis</i> WA_211
84275,,Cercospora kikuchii MAFF 305040,<i>Cercospora kikuchii</i> MAFF 305040
273372,,Candida metapsilosis BP57,<i>Candida metapsilosis</i> BP57
73501,,Cordyceps militaris ATCC 34164,<i>Cordyceps militaris</i> ATCC 34164
5207,,Cryptococcus neoformans H99 2018,<i>Cryptococcus neoformans</i> H99 2018
5207,,Cryptococcus neoformans KN99,<i>Cryptococcus neoformans</i> KN99
5207,,Cryptococcus neoformans strain:VNII,<i>Cryptococcus neoformans</i> strain:VNII
199306,,Coccidioides posadasii strain Silveira 2022,<i>Coccidioides posadasii</i> strain Silveira 2022
418784,,Candida pseudohaemulonii strain B12108,<i>Candidozyma pseudohaemuli</i> B12108
264361,,Chrysosporium queenslandicum isolate CBS 280.77,<i>Chrysosporium queenslandicum</i> isolate CBS 280.77
5482,,Candida tropicalis MYA-3404 2020,<i>Candida tropicalis</i> MYA-3404 2020
58627,,Debaryomyces fabryi CBS 789,<i>Debaryomyces fabryi</i> CBS 789
5481,,Diutina rugosa CBS 613,<i>Diutina rugosa</i> CBS 613
1955775,,Emergomyces africanus CBS 136260,<i>Emergomyces africanus</i> CBS 136260
73230,,Emmonsia crescens UAMH 3008,<i>Emmonsia crescens</i> UAMH3008
212818,,Exophiala mesophila strain CBS 40295,<i>Exophiala mesophila</i> strain CBS 40295
52586,,Erysiphe necator EnFRAME01,<i>Erysiphe necator</i> EnFRAME01
215243,,Exophiala oligosperma strain CBS 72588,<i>Exophiala oligosperma</i> strain CBS 72588
1972497,,Emergomyces orientalis 5z489,<i>Emergomyces orientalis</i> 5z489
91928,,Exophiala spinifera CBS 89968,<i>Exophiala spinifera</i> CBS 89968
48490,,Fusarium circinatum NRRL 25331,<i>Fusarium circinatum</i> NRRL 25331
5499,,Fulvia fulva Race5_Kim,<i>Fulvia fulva</i> Race5_Kim
5518,,Fusarium graminearum DAOM 233423,<i>Fusarium graminearum</i> DAOM 233423
192010,,Fusarium mangiferae MRC7560,<i>Fusarium mangiferae</i> MRC7560
42672,,Fusarium napiforme NRRL 25196,<i>Fusarium napiforme</i> NRRL 25196
2502994,,Fusarium odoratissimum strain race 4,<i>Fusarium odoratissimum</i> strain race 4
5507,,Fusarium oxysporum Strain Fo47 2020,<i>Fusarium oxysporum</i> Strain Fo47 2020
948311,,Fusarium proliferatum strain NRRL62905,<i>Fusarium proliferatum</i> strain NRRL62905
169388,,Fusarium solani FSSC 5 MPI-SDFR-AT-0091,<i>Fusarium solani</i> FSSC 5 MPI-SDFR-AT-0091
5037,,Histoplasma capsulatum G184AR,<i>Histoplasma capsulatum</i> G184AR
2059318,,Histoplasma mississippiense (nom. inval.) NAm1,<i>Histoplasma mississippiense</i> (nom. inval.) NAm1
5037,,Histoplasma capsulatum WU24,<i>Histoplasma capsulatum</i> WU24
56406,,Hanseniaspora guilliermondii strain UTAD222,<i>Hanseniaspora guilliermondii</i> strain UTAD222
29833,,Hanseniaspora uvarum strain AWRI3580,<i>Hanseniaspora uvarum</i> strain AWRI3580
203904,,Hemileia vastatrix Race XXXIII,<i>Hemileia vastatrix</i> Race XXXIII
41688,,Lomentospora prolificans JHH-5317,<i>Lomentospora prolificans</i> JHH-5317
688394,,Lichtheimia ramosa KPH11,<i>Lichtheimia ramosa</i> KPH11
3151832,,Metarhizium hybridum ARSEF 549,<i>Metarhizium hybridum</i> ARSEF 549
38448,,Monilinia fructicola CPMC6,<i>Monilinia fructicola</i> CPMC6
100816,,Madurella mycetomatis mm55,<i>Madurella mycetomatis</i> mm55
77020,,Malassezia pachydermatis CBS 1879,<i>Malassezia pachydermatis</i> CBS 1879
76775,,Malassezia restricta KCTC 27527,<i>Malassezia restricta</i> KCTC 27527
100951,,Naganishia albida JCM2334,<i>Naganishia albida</i> JCM2334
100951,,Naganishia albida NRRL Y-1402,<i>Naganishia albida</i> NRRL Y-1402
5478,,Nakaseomyces glabratus BG2,<i>Nakaseomyces glabratus</i> BG2
5478,,Nakaseomyces glabratus BG3993,<i>Nakaseomyces glabratus</i> BG3993
5478,,Nakaseomyces glabratus CBS138 2020,<i>Nakaseomyces glabratus</i> CBS138 2020
5478,,Nakaseomyces glabratus DSY562,<i>Nakaseomyces glabratus</i> DSY562
79252,,Podosphaera aphanis DRCT72020,<i>Podosphaera aphanis</i> DRCT72020
1664694,,Phialophora attinorum CBS 131958,<i>Cyphellophora attinorum</i> CBS131958
29920,,Phytophthora cactorum 10300,<i>Phytophthora cactorum</i> 10300
29920,,Phytophthora cactorum P414,<i>Phytophthora cactorum</i> P414
2698477,,Pneumocystis canis CanA,<i>Pneumocystis canis</i> CanA
4785,,Phytophthora cinnamomi GKB4,<i>Phytophthora cinnamomi</i> GKB4
48703,,Podospora comata strain T mat+,<i>Podospora comata</i> strain T mat+
542832,,Peronospora effusa R13,<i>Peronospora effusa</i> R13
27334,,Penicillium expansum d1,<i>Penicillium expansum</i> d1
114742,,Pythium insidiosum Pi-s,<i>Pythium insidiosum</i> Pi-s
4909,,Pichia kudriavzevii strain CBS5147,<i>Pichia kudriavzevii</i> strain CBS5147
4909,,Pichia kudriavzevii strain CBS573,<i>Pichia kudriavzevii</i> strain CBS573
5022,,Plenodomus lingam CAN1,<i>Plenodomus lingam</i> CAN1
2698480,,Pneumocystis sp. macacae isolate P2C,<i>Pneumocystis sp. 'macacae'</i> P2C
318829,,Pyricularia oryzae BR32,<i>Pyricularia oryzae</i> BR32
42067,,Pneumocystis oryctolagi CS1,<i>Pneumocystis oryctolagi</i> CS1
170000,,Phakopsora pachyrhizi MT2006,<i>Phakopsora pachyrhizi</i> MT2006
4796,,Phytophthora palmivora var. palmivora strain sbr112.9,<i>Phytophthora palmivora</i> var. palmivora strain sbr112.9
1578925,,Pyricularia pennisetigena Br36,<i>Pyricularia pennisetigena</i> Br36
639000,,Phytophthora plurivora AV1007,<i>Phytophthora plurivora</i> AV1007
164328,,Phytophthora ramorum 14567,<i>Phytophthora ramorum</i> 14567
164328,,Phytophthora ramorum strain Pr102,<i>Phytophthora ramorum</i> strain Pr102
27349,,Puccinia sorghi strain RO10H11247,<i>Puccinia sorghi</i> strain RO10H11247
27350,,Puccinia striiformis strain 93-210,<i>Puccinia striiformis</i> strain 93-210
27350,,Puccinia striiformis 93TX-2,<i>Puccinia striiformis</i> 93TX-2
264951,,Paecilomyces variotii CBS 101075,<i>Paecilomyces variotii</i> CBS 101075
38082,,Pneumocystis wakefieldiae 2A,<i>Pneumocystis wakefieldiae</i> 2A
588596,,Rhizophagus irregularis A1 (DAOM-664342),<i>Rhizophagus irregularis</i> A1 (DAOM-664342)
588596,,Rhizophagus irregularis C2,<i>Rhizophagus irregularis</i> C2
483707,,Raffaelea lauricola RL4,<i>Harringtonia lauricola</i> RL4
50990,,Rickenella mellea Ricmel1,<i>Rickenella mellea</i> Ricmel1
58291,,Rhizopus microsporus var. microsporus ATCC 52814,<i>Rhizopus microsporus</i> var. microsporus ATCC 52814
5286,,Rhodotorula toruloides NBRC 0880,<i>Rhodotorula toruloides</i> NBRC 0880
563466,,Scedosporium apiospermum IHEM 14462,<i>Scedosporium apiospermum</i> IHEM 14462
286115,,Synchytrium endobioticum MB42,<i>Synchytrium endobioticum</i> MB42
36035,,Saccharomycodes ludwigii UTAD17,<i>Saccharomycodes ludwigii</i> UTAD17
27291,,Saccharomyces paradoxus CBS432,<i>Saccharomyces paradoxus</i> CBS432
63577,,Trichoderma atroviride strain JCM 9410,<i>Trichoderma atroviride</i> strain JCM 9410
44093,,Trichomonascus ciferrii CBS 4856,<i>Trichomonascus ciferrii</i> CBS 4856
37727,,Talaromyces marneffei TM4,<i>Talaromyces marneffei</i> TM4
523103,,Trichophyton mentagrophytes TIMM 2789,<i>Trichophyton mentagrophytes</i> TIMM 2789
51453,,Trichoderma reesei QM6a 2017,<i>Trichoderma reesei</i> QM6a 2017
5270,,Mycosarcoma maydis 521,<i>Mycosarcoma maydis</i> 521
253628,,Verruconis gallopava strain CBS 43764,<i>Verruconis gallopava</i> strain CBS 43764
114810,,Xylaria arbuscula CBS 124340,<i>Xylaria arbuscula</i> CBS 124340
4952,,Yarrowia lipolytica CLIB89 (W29),<i>Yarrowia lipolytica</i> CLIB89 (W29)
