value,same_count
2,9084
3,5815
4,4073
5,3109
6,2334
33,1985
34,1965
28,1935
32,1890
30,1861
35,1857
37,1855
36,1854
25,1846
22,1840
26,1836
21,1819
45,1816
40,1815
29,1801
39,1800
38,1799
27,1791
18,1784
44,1782
24,1780
42,1778
31,1775
46,1775
23,1763
7,1763
41,1757
20,1734
47,1679
19,1676
43,1667
48,1667
51,1661
17,1653
49,1652
54,1641
56,1641
14,1632
50,1631
15,1630
16,1626
61,1619
53,1608
52,1607
55,1595
60,1572
13,1555
66,1540
58,1537
72,1530
63,1529
62,1528
65,1521
57,1521
64,1511
59,1504
67,1499
70,1495
68,1484
71,1470
69,1459
12,1448
77,1429
8,1424
74,1406
76,1395
9,1389
78,1381
73,1375
80,1352
10,1345
11,1344
79,1337
75,1327
82,1286
85,1285
84,1276
83,1272
81,1244
88,1226
91,1213
86,1202
87,1199
90,1197
89,1187
92,1150
95,1130
96,1129
99,1110
98,1105
94,1089
102,1085
101,1081
93,1071
105,1037
97,1032
103,1013
100,1013
107,965
104,964
108,964
106,933
110,929
109,915
111,908
117,898
115,869
113,867
116,857
114,847
112,835
120,822
119,822
118,818
124,796
126,767
128,765
123,764
122,762
121,751
129,737
125,734
131,721
130,719
134,717
135,713
132,697
136,688
127,681
138,678
133,654
140,641
137,640
144,632
141,632
146,629
139,629
142,628
143,612
149,588
145,588
150,562
147,559
148,556
152,549
155,548
151,538
156,521
154,517
153,512
159,507
161,501
160,500
157,483
158,481
162,475
166,466
167,443
163,441
165,428
172,427
168,427
164,427
169,426
171,423
181,415
173,414
170,406
182,384
180,383
185,381
178,380
176,377
175,376
183,375
174,368
179,365
191,362
188,357
187,349
184,340
189,340
186,339
177,336
193,331
192,329
199,319
197,316
190,314
195,310
196,309
201,298
194,293
200,289
202,281
205,280
206,276
198,276
207,274
208,271
203,270
216,267
204,265
220,261
214,261
213,260
209,257
218,256
217,254
211,252
215,248
219,248
224,242
226,241
221,236
223,232
212,232
210,230
222,227
225,225
228,217
232,215
231,208
235,208
240,202
229,199
227,197
233,195
237,192
234,186
236,182
239,180
230,179
244,177
238,176
242,175
245,169
243,167
249,166
247,165
254,163
260,160
248,158
252,158
251,157
258,155
241,155
262,153
257,151
266,149
253,148
256,146
261,146
268,144
264,143
250,142
265,141
259,139
277,139
255,136
246,136
271,136
274,136
263,134
279,133
270,132
269,132
267,130
276,130
289,129
272,127
301,126
291,125
287,124
282,123
286,122
280,121
281,121
285,120
275,119
309,116
273,116
304,113
298,112
300,110
295,110
288,109
299,109
315,108
284,108
307,106
311,103
327,101
316,101
292,101
306,101
293,100
297,100
278,100
324,99
296,98
302,98
318,97
283,96
303,96
305,95
331,94
332,93
335,93
290,93
322,93
314,92
326,92
313,92
336,91
339,91
319,91
323,91
310,90
294,89
341,89
312,88
321,88
351,88
320,87
308,87
317,85
338,85
328,83
362,82
340,82
343,81
337,80
333,80
374,78
352,78
369,78
376,78
379,77
353,77
390,77
345,76
334,76
325,74
377,73
356,73
372,73
330,73
388,73
329,72
368,72
404,72
399,71
371,71
361,71
370,71
355,69
346,69
360,69
358,68
385,67
378,67
365,66
383,66
398,66
363,66
386,65
389,65
384,65
344,65
342,64
392,64
381,64
417,64
367,63
387,62
348,62
393,62
349,61
391,61
380,61
402,61
357,61
382,61
359,61
438,60
354,60
347,60
350,58
396,57
397,57
366,57
375,56
407,56
422,55
463,54
433,54
400,54
403,54
364,54
373,53
415,53
406,53
401,53
424,53
420,52
426,52
408,52
414,51
394,51
428,51
434,51
431,49
430,48
413,47
416,47
412,47
436,46
439,46
432,46
446,46
473,46
435,45
411,45
449,44
409,44
410,44
455,44
442,44
427,43
447,43
453,43
418,42
440,41
423,41
405,41
421,41
395,41
456,40
474,40
452,40
479,40
429,40
461,39
471,39
443,38
450,38
487,37
478,37
445,37
441,36
460,36
494,36
495,36
419,36
437,36
466,36
493,35
488,35
425,34
457,34
482,34
477,34
444,33
480,33
475,33
484,33
467,32
472,32
469,32
465,32
451,32
517,32
551,31
481,31
492,31
501,31
462,31
470,30
464,30
555,29
459,29
491,29
563,29
513,28
524,28
448,28
486,28
468,28
497,27
496,27
549,27
532,27
541,27
490,26
522,26
534,26
499,26
458,26
506,26
569,25
512,25
525,25
485,25
510,25
509,25
543,25
562,25
537,24
503,24
498,24
516,24
529,24
619,24
476,23
565,23
515,23
489,23
454,23
564,23
514,23
511,23
575,22
544,22
538,22
531,22
572,22
567,22
550,22
526,22
502,22
546,22
644,21
533,21
500,21
507,21
483,21
508,20
548,20
579,20
568,20
556,20
552,20
578,20
545,20
518,20
719,19
547,19
520,19
577,19
625,19
539,19
540,19
559,19
574,19
596,19
586,19
560,19
571,19
530,18
523,18
590,18
558,18
519,18
587,18
553,18
576,18
649,17
623,17
626,17
580,17
675,17
583,17
557,17
688,17
702,16
602,16
528,16
561,16
629,16
505,16
608,16
535,16
585,16
592,16
570,15
584,15
641,15
630,15
603,15
736,15
685,15
504,15
655,15
542,15
681,15
594,15
591,15
621,15
650,15
600,14
665,14
628,14
582,14
611,14
727,14
646,14
693,14
613,14
614,14
784,14
527,14
593,14
801,14
759,14
620,14
573,14
622,14
752,14
708,13
756,13
705,13
589,13
612,13
723,13
617,13
766,13
618,13
658,13
689,13
698,13
631,13
963,13
598,13
643,13
676,13
634,13
536,13
566,13
610,12
747,12
554,12
660,12
652,12
588,12
605,12
670,12
709,12
692,12
729,12
732,12
597,12
795,12
917,12
706,12
647,12
581,12
741,12
783,12
726,12
615,12
639,12
735,11
774,11
595,11
635,11
808,11
663,11
606,11
703,11
696,11
672,11
599,11
748,11
645,11
731,11
781,10
760,10
633,10
910,10
739,10
682,10
609,10
711,10
754,10
782,10
827,10
659,10
794,10
712,10
671,10
715,10
777,10
648,10
607,10
740,10
850,10
764,10
627,10
616,10
686,10
624,10
678,10
697,9
836,9
762,9
637,9
837,9
773,9
810,9
947,9
959,9
758,9
790,9
654,9
691,9
694,9
791,9
657,9
653,9
666,9
746,9
1008,9
886,9
896,9
722,9
638,9
728,9
738,9
687,9
976,8
823,8
753,8
771,8
904,8
743,8
604,8
662,8
730,8
995,8
862,8
806,8
798,8
929,8
889,8
797,8
961,8
640,8
680,8
636,8
869,8
775,8
690,8
656,8
718,8
601,8
990,8
796,8
844,8
892,8
742,8
832,8
983,8
957,8
802,8
915,8
877,8
704,8
817,8
632,8
725,8
642,7
1034,7
912,7
749,7
668,7
521,7
701,7
847,7
684,7
812,7
767,7
683,7
787,7
885,7
991,7
677,7
842,7
861,7
934,7
661,7
835,7
674,7
909,7
770,7
699,7
815,7
673,7
700,7
871,7
1069,7
857,7
816,7
986,7
830,7
848,7
843,7
761,7
667,7
872,7
856,7
818,6
962,6
989,6
942,6
679,6
1143,6
779,6
881,6
776,6
744,6
1000,6
978,6
710,6
821,6
734,6
803,6
858,6
724,6
920,6
874,6
1012,6
1092,6
888,6
713,6
922,6
1108,6
793,6
1249,6
938,6
757,6
880,6
1504,6
941,6
1251,6
669,6
876,6
926,6
878,6
716,6
720,6
664,6
824,6
695,6
891,6
863,6
825,6
1123,6
908,6
805,6
1033,6
763,6
651,6
820,6
1003,6
1114,6
900,6
838,6
916,6
1119,6
853,6
870,6
933,6
907,6
839,5
898,5
1054,5
851,5
772,5
834,5
1065,5
919,5
1058,5
998,5
932,5
799,5
1314,5
903,5
1011,5
921,5
1073,5
1062,5
1028,5
1094,5
814,5
755,5
866,5
887,5
717,5
1077,5
1185,5
845,5
931,5
924,5
707,5
833,5
879,5
1189,5
841,5
935,5
1041,5
822,5
1010,5
1078,5
788,5
899,5
906,5
1115,5
1261,5
940,5
785,5
1097,5
1009,5
807,5
1059,5
1250,5
1177,5
882,5
751,5
733,5
714,5
811,5
819,5
951,5
982,5
1105,5
1091,5
828,4
1269,4
1508,4
1146,4
952,4
1245,4
792,4
1107,4
993,4
1124,4
1079,4
1271,4
974,4
875,4
955,4
1038,4
1258,4
971,4
1035,4
997,4
999,4
1154,4
1173,4
973,4
1229,4
854,4
1063,4
893,4
769,4
1104,4
852,4
1030,4
737,4
855,4
949,4
1163,4
868,4
1067,4
975,4
745,4
923,4
944,4
867,4
883,4
873,4
1132,4
985,4
1369,4
1100,4
846,4
829,4
780,4
860,4
813,4
1081,4
1118,4
945,4
800,4
1002,4
1210,4
865,4
897,4
1265,4
884,4
1232,4
1040,4
988,4
979,4
1327,4
1436,4
1219,4
859,4
1032,4
1225,4
1086,4
956,4
943,4
1200,4
1007,4
1205,4
1039,4
1135,4
936,4
969,4
1055,4
786,4
1230,4
1228,4
928,4
864,4
840,4
809,3
1572,3
1475,3
970,3
1174,3
1300,3
1070,3
930,3
1288,3
1371,3
1167,3
1157,3
1281,3
960,3
1160,3
939,3
937,3
1246,3
1165,3
1106,3
1491,3
1140,3
1244,3
1083,3
831,3
1326,3
1709,3
1060,3
1071,3
1172,3
1121,3
1287,3
1005,3
927,3
1169,3
1153,3
778,3
925,3
826,3
1457,3
1330,3
1383,3
1133,3
1018,3
1745,3
1839,3
1195,3
1758,3
1027,3
1274,3
1262,3
972,3
1555,3
1397,3
1045,3
902,3
1057,3
1307,3
1131,3
1037,3
1137,3
1346,3
1480,3
895,3
1006,3
1248,3
1524,3
1220,3
965,3
1483,3
1342,3
1221,3
804,3
1364,3
1440,3
1014,3
1292,3
765,3
750,3
1036,3
1194,3
1164,3
1072,3
1333,3
1017,3
1113,3
768,3
1096,3
1311,3
1410,3
1145,3
1396,3
1416,3
1190,3
1109,3
1193,3
981,3
1280,3
1425,3
1166,3
1240,3
1534,3
1162,3
1126,3
968,3
905,3
980,3
1175,3
1302,3
1319,3
1196,3
1082,3
1088,3
1370,3
1238,3
1329,3
946,3
964,3
1147,3
849,3
1120,3
1182,3
1046,3
1099,3
1217,3
1631,3
954,2
914,2
1226,2
1740,2
1472,2
1259,2
1309,2
1359,2
984,2
1112,2
1608,2
1349,2
1432,2
1296,2
1428,2
1841,2
1150,2
1479,2
1247,2
1830,2
1403,2
992,2
1770,2
1613,2
1050,2
1064,2
1080,2
1499,2
1513,2
1186,2
1451,2
1484,2
1384,2
1068,2
1266,2
1885,2
1048,2
1357,2
1936,2
1779,2
1398,2
1139,2
1769,2
1456,2
1461,2
1286,2
1367,2
1356,2
1460,2
1521,2
918,2
1781,2
1636,2
1117,2
1128,2
1312,2
1253,2
1110,2
1716,2
1590,2
1001,2
1049,2
1498,2
1738,2
1337,2
1411,2
1102,2
1377,2
1400,2
1955,2
1087,2
1762,2
1016,2
1235,2
958,2
1254,2
1084,2
1540,2
1754,2
1445,2
1053,2
1348,2
1658,2
1211,2
1317,2
721,2
1264,2
1313,2
1732,2
1728,2
1391,2
1485,2
1464,2
1798,2
1374,2
1724,2
1320,2
1066,2
1306,2
1237,2
1731,2
1343,2
1901,2
950,2
1218,2
1181,2
901,2
1671,2
1294,2
1209,2
1812,2
1020,2
1031,2
1127,2
1325,2
1130,2
1090,2
1672,2
1263,2
1559,2
1831,2
1043,2
1454,2
1612,2
1644,2
1502,2
1024,2
1956,2
1363,2
789,2
1814,2
1301,2
1015,2
1303,2
1052,2
1602,2
967,2
1061,2
1597,2
1148,2
1849,2
1144,2
1373,2
1624,2
1184,2
1886,2
1576,2
1236,2
1023,2
1021,2
1056,2
1332,2
1649,2
1188,2
1298,2
1554,2
1419,2
1076,2
1149,2
1204,2
1213,2
1381,2
1042,2
1379,2
1295,2
1019,2
1536,2
996,2
966,2
1783,2
1719,2
1305,2
1378,2
1004,2
1339,2
1315,1
1318,1
1751,1
1138,1
1203,1
1278,1
1878,1
1187,1
1344,1
1427,1
1782,1
1708,1
1712,1
1285,1
1267,1
1561,1
1772,1
1852,1
1202,1
1869,1
1621,1
1490,1
1382,1
1923,1
1180,1
1875,1
1776,1
1323,1
1183,1
1215,1
1981,1
1987,1
1648,1
987,1
1660,1
1583,1
1588,1
1879,1
1579,1
1859,1
1657,1
1765,1
1646,1
1270,1
1872,1
1902,1
1477,1
1519,1
1141,1
1799,1
1627,1
1548,1
1662,1
1663,1
1654,1
1283,1
890,1
1640,1
1750,1
1029,1
1796,1
1516,1
1503,1
1744,1
948,1
1276,1
1674,1
1500,1
1979,1
1409,1
1358,1
1860,1
977,1
1773,1
1695,1
1895,1
1089,1
1505,1
1310,1
1865,1
1293,1
1817,1
1543,1
1804,1
1675,1
1297,1
1512,1
1518,1
1197,1
1761,1
1684,1
1350,1
1620,1
1989,1
1442,1
1347,1
1946,1
1705,1
1354,1
1282,1
1880,1
1044,1
1227,1
1176,1
1399,1
1972,1
1971,1
1670,1
1414,1
1458,1
1514,1
1506,1
1424,1
1022,1
1159,1
1321,1
1257,1
1537,1
1629,1
1376,1
1650,1
1642,1
1767,1
1759,1
1601,1
1935,1
1938,1
1850,1
1243,1
1748,1
1795,1
1448,1
1752,1
1887,1
1990,1
1975,1
1439,1
1647,1
1547,1
1075,1
1785,1
1564,1
1679,1
1430,1
1242,1
1341,1
1544,1
1809,1
1413,1
1546,1
1526,1
1824,1
1951,1
1551,1
1891,1
1501,1
1722,1
1486,1
1592,1
1178,1
1531,1
1909,1
1827,1
1753,1
1905,1
1496,1
1845,1
1603,1
1279,1
1134,1
1168,1
1605,1
1884,1
1733,1
1983,1
1444,1
1587,1
1368,1
1637,1
1815,1
1973,1
1328,1
1589,1
1821,1
1863,1
1542,1
1925,1
1643,1
1801,1
1208,1
1511,1
1142,1
1125,1
1665,1
1207,1
1825,1
1565,1
1924,1
1897,1
1912,1
1582,1
1401,1
1903,1
1467,1
1390,1
1986,1
1443,1
1171,1
1746,1
1277,1
1241,1
1255,1
1638,1
1366,1
1528,1
1596,1
1819,1
1857,1
1563,1
1677,1
1404,1
1560,1
1549,1
1763,1
1449,1
1388,1
1571,1
1806,1
1939,1
1676,1
1791,1
1047,1
1489,1
1170,1
1098,1
1422,1
1429,1
1591,1
1473,1
1372,1
1025,1
1786,1
1970,1
1535,1
1074,1
1199,1
994,1
1093,1
1407,1
1552,1
1260,1
1805,1
1541,1
1272,1
1158,1
1618,1
1655,1
1487,1
1920,1
1567,1
1299,1
1787,1
1529,1
1539,1
1465,1
1216,1
1976,1
1829,1
1122,1
1755,1
1239,1
1730,1
1635,1
1214,1
1876,1
1550,1
1974,1
1152,1
953,1
1352,1
1717,1
1718,1
1598,1
1284,1
1275,1
1051,1
1574,1
1201,1
1913,1
1593,1
1351,1
1616,1
1212,1
1224,1
911,1
1290,1
1273,1
1704,1
1116,1
1868,1
1161,1
1757,1
1338,1
1626,1
1013,1
1466,1
1632,1
1423,1
1459,1
1233,1
1687,1
1478,1
1316,1
1476,1
1874,1
1692,1
1095,1
1700,1
1666,1
1222,1
1838,1
1615,1
1.00,20652.00