col1,col2,col3,col4,col5,col6,col7,query_fna,subject_fna,query_length,subject_length,blast_output,n_of_-7,n_of_-6,n_of_-5,n_of_-4,n_of_-3,n_of_-2,n_of_-1,n_of_0,n_of_1,n_of_2,n_of_3,n_of_4,n_of_5,n_of_6,n_of_7,binary_filename
0,4911,DMKU3-1042,4911_DMKU3-1042,0,https://ftp.ncbi.nlm.nih.gov/genomes/all/GCF/001/417/885/GCF_001417885.1_Kmar_1.0,http://FungiDB.org/common/downloads/Current_Release/KmarxianusDMKU3-1042/fasta/data/FungiDB-68_KmarxianusDMKU3-1042_Genome.fasta,downloads/FungiDB-68_KmarxianusDMKU3-1042_Genome.fasta,downloads/GCF_001417885.1_Kmar_1.0_genomic.fna,10966467,10966467,FungiDB-68_KmarxianusDMKU3-1042_Genome_vs_GCF_001417885.1_Kmar_1.0_genomic_blast.xml,0,0,0,0,0,0,0,0,10966467,0,0,0,0,0,0,FungiDB-68_KmarxianusDMKU3-1042_Genome_vs_GCF_001417885_subject_array_1760112686.bin
32,89940,CBS 173.52,89940_CBS_173.52,0,https://ftp.ncbi.nlm.nih.gov/genomes/all/GCF/000/835/475/GCF_000835475.1_Clad_bant_CBS_173_52_V1,http://FungiDB.org/common/downloads/Current_Release/CbantianaCBS173.52/fasta/data/FungiDB-68_CbantianaCBS173.52_Genome.fasta,downloads/FungiDB-68_CbantianaCBS173.52_Genome.fasta,downloads/GCF_000835475.1_Clad_bant_CBS_173_52_V1_genomic.fna,36722552,36722552,FungiDB-68_CbantianaCBS173.52_Genome_vs_GCF_000835475.1_Clad_bant_CBS_173_52_V1_genomic_blast.xml,0,0,2,0,0,0,0,83317,36639171,0,0,9,53,0,0,FungiDB-68_CbantianaCBS173_subject_array_1760112716.bin
33,979981,CBS 102226,979981_CBS_102226,0,https://ftp.ncbi.nlm.nih.gov/genomes/all/GCF/000/836/435/GCF_000836435.1_Fons_mult_CBS_102226_V1,http://FungiDB.org/common/downloads/Current_Release/FmultimorphosaCBS102226/fasta/data/FungiDB-68_FmultimorphosaCBS102226_Genome.fasta,downloads/FungiDB-68_FmultimorphosaCBS102226_Genome.fasta,downloads/GCF_000836435.1_Fons_mult_CBS_102226_V1_genomic.fna,33447075,33447075,FungiDB-68_FmultimorphosaCBS102226_Genome_vs_GCF_000836435.1_Fons_mult_CBS_102226_V1_genomic_blast.xml,0,0,0,0,0,0,0,18376,33428698,0,0,1,0,0,0,FungiDB-68_FmultimorphosaCBS102226_Genome_vs_GCF_000836435_subject_array_1760112735.bin
1,1069201,IFO 4308,1069201_IFO_4308,1016,https://ftp.ncbi.nlm.nih.gov/genomes/all/GCF/016/861/625/GCF_016861625.1_AkawachiiIFO4308_assembly01,http://FungiDB.org/common/downloads/Current_Release/AluchuensisIFO4308/fasta/data/FungiDB-68_AluchuensisIFO4308_Genome.fasta,downloads/FungiDB-68_AluchuensisIFO4308_Genome.fasta,downloads/GCF_016861625.1_AkawachiiIFO4308_assembly01_genomic.fna,37113202,37287723,FungiDB-68_AluchuensisIFO4308_Genome_vs_GCF_016861625.1_AkawachiiIFO4308_assembly01_genomic_blast.xml,0,0,2317,284,0,0,2608,82336,16276882,0,3508,74421,20841875,0,3492,FungiDB-68_AluchuensisIFO4308_Genome_vs_GCF_016861625_subject_array_1760112759.bin
2,46472,CBS 583.65,46472_CBS_583.65,0,https://ftp.ncbi.nlm.nih.gov/genomes/all/GCF/001/890/125/GCF_001890125.1_Aspve1,http://FungiDB.org/common/downloads/Current_Release/AversicolorCBS583.65/fasta/data/FungiDB-68_AversicolorCBS583.65_Genome.fasta,downloads/FungiDB-68_AversicolorCBS583.65_Genome.fasta,downloads/GCF_001890125.1_Aspve1_genomic.fna,33126810,33126810,FungiDB-68_AversicolorCBS583.65_Genome_vs_GCF_001890125.1_Aspve1_genomic_blast.xml,0,0,1,0,0,0,0,5606,33121198,0,0,1,4,0,0,FungiDB-68_AversicolorCBS583_subject_array_1760112778.bin
34,1340029,CBS 122712,1340029_CBS_122712,0,https://ftp.ncbi.nlm.nih.gov/genomes/all/GCF/003/184/535/GCF_003184535.1_Aspeuc1,http://FungiDB.org/common/downloads/Current_Release/AeucalypticolaCBS122712/fasta/data/FungiDB-68_AeucalypticolaCBS122712_Genome.fasta,downloads/FungiDB-68_AeucalypticolaCBS122712_Genome.fasta,downloads/GCF_003184535.1_Aspeuc1_genomic.fna,34792412,34792412,FungiDB-68_AeucalypticolaCBS122712_Genome_vs_GCF_003184535.1_Aspeuc1_genomic_blast.xml,0,0,0,0,0,0,0,0,34792408,0,1,3,0,0,0,FungiDB-68_AeucalypticolaCBS122712_Genome_vs_GCF_003184535_subject_array_1760112800.bin
3,75750,CBS 593.65,75750_CBS_593.65,0,https://ftp.ncbi.nlm.nih.gov/genomes/all/GCF/001/890/705/GCF_001890705.1_Aspsy1,http://FungiDB.org/common/downloads/Current_Release/AsydowiiCBS593.65/fasta/data/FungiDB-68_AsydowiiCBS593.65_Genome.fasta,downloads/FungiDB-68_AsydowiiCBS593.65_Genome.fasta,downloads/GCF_001890705.1_Aspsy1_genomic.fna,34381026,34381026,FungiDB-68_AsydowiiCBS593.65_Genome_vs_GCF_001890705.1_Aspsy1_genomic_blast.xml,0,0,3,1,0,0,0,28585,34345743,0,0,46,6646,0,2,FungiDB-68_AsydowiiCBS593_subject_array_1760112821.bin
4,263815,B123,263815_B123,0,https://ftp.ncbi.nlm.nih.gov/genomes/all/GCF/000/349/005/GCF_000349005.2_Pneumo_murina_B123_V4,http://FungiDB.org/common/downloads/Current_Release/PmurinaB123/fasta/data/FungiDB-68_PmurinaB123_Genome.fasta,downloads/FungiDB-68_PmurinaB123_Genome.fasta,downloads/GCF_000349005.2_Pneumo_murina_B123_V4_genomic.fna,7501343,7501343,FungiDB-68_PmurinaB123_Genome_vs_GCF_000349005.2_Pneumo_murina_B123_V4_genomic_blast.xml,0,0,0,0,0,0,5,0,7501317,0,4,8,9,0,0,FungiDB-68_PmurinaB123_Genome_vs_GCF_000349005_subject_array_1760112827.bin
35,446911,CBS 121591,446911_CBS_121591,0,https://ftp.ncbi.nlm.nih.gov/genomes/all/GCF/003/184/745/GCF_003184745.1_Aspuva1,http://FungiDB.org/common/downloads/Current_Release/AuvarumCBS121591/fasta/data/FungiDB-68_AuvarumCBS121591_Genome.fasta,downloads/FungiDB-68_AuvarumCBS121591_Genome.fasta,downloads/GCF_003184745.1_Aspuva1_genomic.fna,35850703,35850703,FungiDB-68_AuvarumCBS121591_Genome_vs_GCF_003184745.1_Aspuva1_genomic_blast.xml,0,0,1,0,0,0,1,9514,35841095,0,0,14,77,0,1,FungiDB-68_AuvarumCBS121591_Genome_vs_GCF_003184745_subject_array_1760112851.bin
5,5066,DTO 134E9,5066_DTO_134E9,0,https://ftp.ncbi.nlm.nih.gov/genomes/all/GCF/001/890/725/GCF_001890725.1_Aspwe1,http://FungiDB.org/common/downloads/Current_Release/AwentiiDTO134E9/fasta/data/FungiDB-68_AwentiiDTO134E9_Genome.fasta,downloads/FungiDB-68_AwentiiDTO134E9_Genome.fasta,downloads/GCF_001890725.1_Aspwe1_genomic.fna,31350635,31350635,FungiDB-68_AwentiiDTO134E9_Genome_vs_GCF_001890725.1_Aspwe1_genomic_blast.xml,0,0,1,0,0,0,0,55507,31294916,0,0,38,170,0,3,FungiDB-68_AwentiiDTO134E9_Genome_vs_GCF_001890725_subject_array_1760112871.bin
6,41063,CBS 506.65,41063_CBS_506.65,0,https://ftp.ncbi.nlm.nih.gov/genomes/all/GCF/001/890/105/GCF_001890105.1_Aspzo1,http://FungiDB.org/common/downloads/Current_Release/PzonataCBS506.65/fasta/data/FungiDB-68_PzonataCBS506.65_Genome.fasta,downloads/FungiDB-68_PzonataCBS506.65_Genome.fasta,downloads/GCF_001890105.1_Aspzo1_genomic.fna,26088231,26088231,FungiDB-68_PzonataCBS506.65_Genome_vs_GCF_001890105.1_Aspzo1_genomic_blast.xml,0,0,0,0,0,0,0,72244,26015970,0,0,0,17,0,0,FungiDB-68_PzonataCBS506_subject_array_1760112891.bin
36,301854,CBS 121593,301854_CBS_121593,0,https://ftp.ncbi.nlm.nih.gov/genomes/all/GCF/003/184/845/GCF_003184845.1_Aspibe1,http://FungiDB.org/common/downloads/Current_Release/AibericusCBS121593/fasta/data/FungiDB-68_AibericusCBS121593_Genome.fasta,downloads/FungiDB-68_AibericusCBS121593_Genome.fasta,downloads/GCF_003184845.1_Aspibe1_genomic.fna,33437983,33437983,FungiDB-68_AibericusCBS121593_Genome_vs_GCF_003184845.1_Aspibe1_genomic_blast.xml,0,0,0,0,0,0,0,11722,33426260,0,0,1,0,0,0,FungiDB-68_AibericusCBS121593_Genome_vs_GCF_003184845_subject_array_1760112916.bin
37,1191702,CBS 313.89,1191702_CBS_313.89,0,https://ftp.ncbi.nlm.nih.gov/genomes/all/GCF/003/184/825/GCF_003184825.1_Aspfij1,http://FungiDB.org/common/downloads/Current_Release/AfijiensisCBS313.89/fasta/data/FungiDB-68_AfijiensisCBS313.89_Genome.fasta,downloads/FungiDB-68_AfijiensisCBS313.89_Genome.fasta,downloads/GCF_003184825.1_Aspfij1_genomic.fna,36513906,36513906,FungiDB-68_AfijiensisCBS313.89_Genome_vs_GCF_003184825.1_Aspfij1_genomic_blast.xml,0,0,0,1,0,0,1,12829,36500898,0,0,35,142,0,0,FungiDB-68_AfijiensisCBS313_subject_array_1760112939.bin
7,5322,PC9,5322_PC9,0,https://ftp.ncbi.nlm.nih.gov/genomes/all/GCF/014/466/165/GCF_014466165.1_ASM1446616v1,http://FungiDB.org/common/downloads/Current_Release/PostreatusPC9/fasta/data/FungiDB-68_PostreatusPC9_Genome.fasta,downloads/FungiDB-68_PostreatusPC9_Genome.fasta,downloads/GCF_014466165.1_ASM1446616v1_genomic.fna,34970470,34970470,FungiDB-68_PostreatusPC9_Genome_vs_GCF_014466165.1_ASM1446616v1_genomic_blast.xml,0,0,0,0,0,0,0,0,34970468,0,1,1,0,0,0,FungiDB-68_PostreatusPC9_Genome_vs_GCF_014466165_subject_array_1760112981.bin
8,41413,CBS 516.65,41413_CBS_516.65,0,https://ftp.ncbi.nlm.nih.gov/genomes/all/GCF/001/890/805/GCF_001890805.1_Aspgl1,http://FungiDB.org/common/downloads/Current_Release/AglaucusCBS516.65/fasta/data/FungiDB-68_AglaucusCBS516.65_Genome.fasta,downloads/FungiDB-68_AglaucusCBS516.65_Genome.fasta,downloads/GCF_001890805.1_Aspgl1_genomic.fna,27993362,27993362,FungiDB-68_AglaucusCBS516.65_Genome_vs_GCF_001890805.1_Aspgl1_genomic_blast.xml,0,0,0,1,0,0,3,211065,27781823,0,0,24,444,0,2,FungiDB-68_AglaucusCBS516_subject_array_1760113004.bin
9,1182553,CBS 110553,1182553_CBS_110553,0,https://ftp.ncbi.nlm.nih.gov/genomes/all/GCF/000/585/535/GCF_000585535.1_Clad_psam_CBS_110553_V1,http://FungiDB.org/common/downloads/Current_Release/CpsammophilaCBS110553/fasta/data/FungiDB-68_CpsammophilaCBS110553_Genome.fasta,downloads/FungiDB-68_CpsammophilaCBS110553_Genome.fasta,downloads/GCF_000585535.1_Clad_psam_CBS_110553_V1_genomic.fna,39420127,39420127,FungiDB-68_CpsammophilaCBS110553_Genome_vs_GCF_000585535.1_Clad_psam_CBS_110553_V1_genomic_blast.xml,0,0,4,0,0,0,0,85124,39334327,0,1,61,609,0,1,FungiDB-68_CpsammophilaCBS110553_Genome_vs_GCF_000585535_subject_array_1760113046.bin
38,51019,CBS 117.55,51019_CBS_117.55,0,https://ftp.ncbi.nlm.nih.gov/genomes/all/GCF/003/184/545/GCF_003184545.1_Asphet1,http://FungiDB.org/common/downloads/Current_Release/AheteromorphusCBS117.55/fasta/data/FungiDB-68_AheteromorphusCBS117.55_Genome.fasta,downloads/FungiDB-68_AheteromorphusCBS117.55_Genome.fasta,downloads/GCF_003184545.1_Asphet1_genomic.fna,35607567,35607567,FungiDB-68_AheteromorphusCBS117.55_Genome_vs_GCF_003184545.1_Asphet1_genomic_blast.xml,0,0,0,0,0,0,1,13161715,22406711,0,165,3580,35189,0,206,FungiDB-68_AheteromorphusCBS117_subject_array_1760113079.bin
10,470704,CBS 114405,470704_CBS_114405,0,https://ftp.ncbi.nlm.nih.gov/genomes/all/GCF/000/585/515/GCF_000585515.1_Clad_yegr_CBS_114405_V1,http://FungiDB.org/common/downloads/Current_Release/CyegresiiCBS114405/fasta/data/FungiDB-68_CyegresiiCBS114405_Genome.fasta,downloads/FungiDB-68_CyegresiiCBS114405_Genome.fasta,downloads/GCF_000585515.1_Clad_yegr_CBS_114405_V1_genomic.fna,27898422,27898422,FungiDB-68_CyegresiiCBS114405_Genome_vs_GCF_000585515.1_Clad_yegr_CBS_114405_V1_genomic_blast.xml,0,0,0,0,0,0,0,10353,27888066,0,0,1,2,0,0,FungiDB-68_CyegresiiCBS114405_Genome_vs_GCF_000585515_subject_array_1760113096.bin
39,319626,CBS 101889,319626_CBS_101889,0,https://ftp.ncbi.nlm.nih.gov/genomes/all/GCF/003/184/865/GCF_003184865.1_Asphom1,http://FungiDB.org/common/downloads/Current_Release/AhomomorphusCBS101889/fasta/data/FungiDB-68_AhomomorphusCBS101889_Genome.fasta,downloads/FungiDB-68_AhomomorphusCBS101889_Genome.fasta,downloads/GCF_003184865.1_Asphom1_genomic.fna,34054866,34054866,FungiDB-68_AhomomorphusCBS101889_Genome_vs_GCF_003184865.1_Asphom1_genomic_blast.xml,0,0,0,0,0,0,0,33787,34020979,0,0,12,87,0,1,FungiDB-68_AhomomorphusCBS101889_Genome_vs_GCF_003184865_subject_array_1760113118.bin
40,162425,FGSC A4,162425_FGSC_A4,0,https://ftp.ncbi.nlm.nih.gov/genomes/all/GCF/000/011/425/GCF_000011425.1_ASM1142v1,http://FungiDB.org/common/downloads/Current_Release/AnidulansFGSCA4/fasta/data/FungiDB-68_AnidulansFGSCA4_Genome.fasta,downloads/FungiDB-68_AnidulansFGSCA4_Genome.fasta,downloads/GCF_000011425.1_ASM1142v1_genomic.fna,30517218,29828291,FungiDB-68_AnidulansFGSCA4_Genome_vs_GCF_000011425.1_ASM1142v1_genomic_blast.xml,0,0,1,0,0,0,3,10276,29817868,0,3,24,115,0,1,FungiDB-68_AnidulansFGSCA4_Genome_vs_GCF_000011425_subject_array_1760113139.bin
41,5476,SC5314,5476_SC5314,0,https://ftp.ncbi.nlm.nih.gov/genomes/all/GCF/000/182/965/GCF_000182965.3_ASM18296v3,http://FungiDB.org/common/downloads/Current_Release/CalbicansSC5314/fasta/data/FungiDB-68_CalbicansSC5314_Genome.fasta,downloads/FungiDB-68_CalbicansSC5314_Genome.fasta,downloads/GCF_000182965.3_ASM18296v3_genomic.fna,14323086,14282666,FungiDB-68_CalbicansSC5314_Genome_vs_GCF_000182965.3_ASM18296v3_genomic_blast.xml,0,0,0,0,0,0,0,5744,14275086,0,0,1820,16,0,0,FungiDB-68_CalbicansSC5314_Genome_vs_GCF_000182965_subject_array_1760113151.bin
11,1033840,CBS 119918,1033840_CBS_119918,0,https://ftp.ncbi.nlm.nih.gov/genomes/all/GCF/000/709/125/GCF_000709125.1_Exop_aqua_CBS_119918_V1,http://FungiDB.org/common/downloads/Current_Release/EaquamarinaCBS119918/fasta/data/FungiDB-68_EaquamarinaCBS119918_Genome.fasta,downloads/FungiDB-68_EaquamarinaCBS119918_Genome.fasta,downloads/GCF_000709125.1_Exop_aqua_CBS_119918_V1_genomic.fna,41566958,41566958,FungiDB-68_EaquamarinaCBS119918_Genome_vs_GCF_000709125.1_Exop_aqua_CBS_119918_V1_genomic_blast.xml,0,0,0,0,0,0,0,18961615,22482732,0,436,12599,109065,0,511,FungiDB-68_EaquamarinaCBS119918_Genome_vs_GCF_000709125_subject_array_1760113191.bin
12,293227,CBS 101466,293227_CBS_101466,0,https://ftp.ncbi.nlm.nih.gov/genomes/all/GCF/000/365/145/GCF_000365145.1_Phia_euro_CBS_101466_V1,http://FungiDB.org/common/downloads/Current_Release/CeuropaeaCBS101466/fasta/data/FungiDB-68_CeuropaeaCBS101466_Genome.fasta,downloads/FungiDB-68_CeuropaeaCBS101466_Genome.fasta,downloads/GCF_000365145.1_Phia_euro_CBS_101466_V1_genomic.fna,28781303,28781303,FungiDB-68_CeuropaeaCBS101466_Genome_vs_GCF_000365145.1_Phia_euro_CBS_101466_V1_genomic_blast.xml,0,0,0,0,0,0,0,61253,28719986,0,1,7,55,0,1,FungiDB-68_CeuropaeaCBS101466_Genome_vs_GCF_000365145_subject_array_1760113210.bin
13,948311,ET1,948311_ET1,32,https://ftp.ncbi.nlm.nih.gov/genomes/all/GCF/900/067/095/GCF_900067095.1_F._proliferatum_ET1_version_1,http://FungiDB.org/common/downloads/Current_Release/FproliferatumET1/fasta/data/FungiDB-68_FproliferatumET1_Genome.fasta,downloads/FungiDB-68_FproliferatumET1_Genome.fasta,downloads/GCF_900067095.1_F._proliferatum_ET1_version_1_genomic.fna,45210324,45210324,FungiDB-68_FproliferatumET1_Genome_vs_GCF_900067095.1_F._proliferatum_ET1_version_1_genomic_blast.xml,0,0,0,0,0,0,4,467325,44740056,0,7,133,2754,0,45,FungiDB-68_FproliferatumET1_Genome_vs_GCF_900067095_subject_array_1760113238.bin
14,76777,ATCC 42132,76777_ATCC_42132,0,https://ftp.ncbi.nlm.nih.gov/genomes/all/GCF/000/349/305/GCF_000349305.1_ASM34930v2,http://FungiDB.org/common/downloads/Current_Release/MsympodialisATCC42132/fasta/data/FungiDB-68_MsympodialisATCC42132_Genome.fasta,downloads/FungiDB-68_MsympodialisATCC42132_Genome.fasta,downloads/GCF_000349305.1_ASM34930v2_genomic.fna,7786082,7669689,FungiDB-68_MsympodialisATCC42132_Genome_vs_GCF_000349305.1_ASM34930v2_genomic_blast.xml,0,0,56,7,0,0,28,14872,3047878,0,67,398,4606303,0,80,FungiDB-68_MsympodialisATCC42132_Genome_vs_GCF_000349305_subject_array_1760113246.bin
15,86049,CBS 160.54,86049_CBS_160.54,0,https://ftp.ncbi.nlm.nih.gov/genomes/all/GCF/000/365/165/GCF_000365165.1_Clad_carr_CBS_160_54_V1,http://FungiDB.org/common/downloads/Current_Release/CcarrioniiCBS160.54/fasta/data/FungiDB-68_CcarrioniiCBS160.54_Genome.fasta,downloads/FungiDB-68_CcarrioniiCBS160.54_Genome.fasta,downloads/GCF_000365165.1_Clad_carr_CBS_160_54_V1_genomic.fna,28991111,28991111,FungiDB-68_CcarrioniiCBS160.54_Genome_vs_GCF_000365165.1_Clad_carr_CBS_160_54_V1_genomic_blast.xml,0,0,0,0,0,0,1,10595,28980507,0,5,0,3,0,0,FungiDB-68_CcarrioniiCBS160_subject_array_1760113264.bin
16,5127,IMI 58289,5127_IMI_58289,0,https://ftp.ncbi.nlm.nih.gov/genomes/all/GCF/900/079/805/GCF_900079805.1_Fusarium_fujikuroi_IMI58289_V2,http://FungiDB.org/common/downloads/Current_Release/FfujikuroiIMI58289/fasta/data/FungiDB-68_FfujikuroiIMI58289_Genome.fasta,downloads/FungiDB-68_FfujikuroiIMI58289_Genome.fasta,downloads/GCF_900079805.1_Fusarium_fujikuroi_IMI58289_V2_genomic.fna,43832314,43832314,FungiDB-68_FfujikuroiIMI58289_Genome_vs_GCF_900079805.1_Fusarium_fujikuroi_IMI58289_V2_genomic_blast.xml,0,0,1,0,0,0,0,23873,43808336,0,1,26,74,0,3,FungiDB-68_FfujikuroiIMI58289_Genome_vs_GCF_900079805_subject_array_1760113296.bin
17,5208,CBS 7841,5208_CBS_7841,0,https://ftp.ncbi.nlm.nih.gov/genomes/all/GCF/001/720/195/GCF_001720195.1_ASM172019v2,http://FungiDB.org/common/downloads/Current_Release/CdepauperatusCBS7841/fasta/data/FungiDB-68_CdepauperatusCBS7841_Genome.fasta,downloads/FungiDB-68_CdepauperatusCBS7841_Genome.fasta,downloads/GCF_001720195.1_ASM172019v2_genomic.fna,15797590,16179376,FungiDB-68_CdepauperatusCBS7841_Genome_vs_GCF_001720195.1_ASM172019v2_genomic_blast.xml,0,0,636,83,0,0,698,217020,8098168,0,1278,36094,7824009,0,1390,FungiDB-68_CdepauperatusCBS7841_Genome_vs_GCF_001720195_subject_array_1760113310.bin
18,324769,CBS 10118,324769_CBS_10118,0,https://ftp.ncbi.nlm.nih.gov/genomes/all/GCF/000/512/585/GCF_000512585.2_ASM51258v3,http://FungiDB.org/common/downloads/Current_Release/KbestiolaeCBS10118/fasta/data/FungiDB-68_KbestiolaeCBS10118_Genome.fasta,downloads/FungiDB-68_KbestiolaeCBS10118_Genome.fasta,downloads/GCF_000512585.2_ASM51258v3_genomic.fna,24360772,24551665,FungiDB-68_KbestiolaeCBS10118_Genome_vs_GCF_000512585.2_ASM51258v3_genomic_blast.xml,0,0,150,27,0,0,515,156079,17434805,0,407,909,6958601,0,172,FungiDB-68_KbestiolaeCBS10118_Genome_vs_GCF_000512585_subject_array_1760113324.bin
19,1859121,IND107,1859121_IND107,0,https://ftp.ncbi.nlm.nih.gov/genomes/all/GCF/000/835/755/GCF_000835755.1_ASM83575v2,http://FungiDB.org/common/downloads/Current_Release/CgattiiIND107/fasta/data/FungiDB-68_CgattiiIND107_Genome.fasta,downloads/FungiDB-68_CgattiiIND107_Genome.fasta,downloads/GCF_000835755.1_ASM83575v2_genomic.fna,17649378,17799622,FungiDB-68_CgattiiIND107_Genome_vs_GCF_000835755.1_ASM83575v2_genomic_blast.xml,0,0,170,32,0,0,171,150241,9773070,0,572,5511,7869477,0,378,FungiDB-68_CgattiiIND107_Genome_vs_GCF_000835755_subject_array_1760113336.bin
20,324770,CBS 10117,324770_CBS_10117,0,https://ftp.ncbi.nlm.nih.gov/genomes/all/GCF/000/512/565/GCF_000512565.2_ASM51256v3,http://FungiDB.org/common/downloads/Current_Release/KdejecticolaCBS10117/fasta/data/FungiDB-68_KdejecticolaCBS10117_Genome.fasta,downloads/FungiDB-68_KdejecticolaCBS10117_Genome.fasta,downloads/GCF_000512565.2_ASM51256v3_genomic.fna,23862392,23932770,FungiDB-68_KdejecticolaCBS10117_Genome_vs_GCF_000512565.2_ASM51256v3_genomic_blast.xml,0,0,272,24,0,0,274,78280,13764853,0,112,548,10088284,0,123,FungiDB-68_KdejecticolaCBS10117_Genome_vs_GCF_000512565_subject_array_1760113350.bin
21,5365,ALCF2SS1-7,5365_ALCF2SS1-7,0,https://ftp.ncbi.nlm.nih.gov/genomes/all/GCF/003/813/185/GCF_003813185.1_Lenti7_1,http://FungiDB.org/common/downloads/Current_Release/LtigrinusALCF2SS1-7/fasta/data/FungiDB-68_LtigrinusALCF2SS1-7_Genome.fasta,downloads/FungiDB-68_LtigrinusALCF2SS1-7_Genome.fasta,downloads/GCF_003813185.1_Lenti7_1_genomic.fna,39530113,39530113,FungiDB-68_LtigrinusALCF2SS1-7_Genome_vs_GCF_003813185.1_Lenti7_1_genomic_blast.xml,0,0,4,0,0,0,1,352016,39176937,0,0,94,1056,0,5,FungiDB-68_LtigrinusALCF2SS1-7_Genome_vs_GCF_003813185_subject_array_1760113377.bin
22,41068,IBT 28561,41068_IBT_28561,62,https://ftp.ncbi.nlm.nih.gov/genomes/all/GCF/002/847/485/GCF_002847485.1_Aspcam1,http://FungiDB.org/common/downloads/Current_Release/AcampestrisIBT28561/fasta/data/FungiDB-68_AcampestrisIBT28561_Genome.fasta,downloads/FungiDB-68_AcampestrisIBT28561_Genome.fasta,downloads/GCF_002847485.1_Aspcam1_genomic.fna,28257496,28257496,FungiDB-68_AcampestrisIBT28561_Genome_vs_GCF_002847485.1_Aspcam1_genomic_blast.xml,0,0,0,0,0,0,1,0,28257491,0,0,4,0,0,0,FungiDB-68_AcampestrisIBT28561_Genome_vs_GCF_002847485_subject_array_1760113396.bin
23,306088,IBT 23096,306088_IBT_23096,37,https://ftp.ncbi.nlm.nih.gov/genomes/all/GCF/002/849/105/GCF_002849105.1_Aspste1,http://FungiDB.org/common/downloads/Current_Release/AsteyniiIBT23096/fasta/data/FungiDB-68_AsteyniiIBT23096_Genome.fasta,downloads/FungiDB-68_AsteyniiIBT23096_Genome.fasta,downloads/GCF_002849105.1_Aspste1_genomic.fna,37847960,37847960,FungiDB-68_AsteyniiIBT23096_Genome_vs_GCF_002849105.1_Aspste1_genomic_blast.xml,0,0,0,0,0,0,0,1,37847954,0,4,1,0,0,0,FungiDB-68_AsteyniiIBT23096_Genome_vs_GCF_002849105_subject_array_1760113432.bin
24,340412,IBT 16806,340412_IBT_16806,62,https://ftp.ncbi.nlm.nih.gov/genomes/all/GCF/002/847/465/GCF_002847465.1_Aspnov1,http://FungiDB.org/common/downloads/Current_Release/AnovofumigatusIBT16806/fasta/data/FungiDB-68_AnovofumigatusIBT16806_Genome.fasta,downloads/FungiDB-68_AnovofumigatusIBT16806_Genome.fasta,downloads/GCF_002847465.1_Aspnov1_genomic.fna,32440129,32440129,FungiDB-68_AnovofumigatusIBT16806_Genome_vs_GCF_002847465.1_Aspnov1_genomic_blast.xml,0,0,0,0,0,0,1,0,32440125,0,0,3,0,0,0,FungiDB-68_AnovofumigatusIBT16806_Genome_vs_GCF_002847465_subject_array_1760113458.bin
26,29908,1099-18,29908_1099-18,15,https://ftp.ncbi.nlm.nih.gov/genomes/all/GCF/000/961/545/GCF_000961545.1_S_schenckii_v1,http://FungiDB.org/common/downloads/Current_Release/Sschenckii1099-18/fasta/data/FungiDB-68_Sschenckii1099-18_Genome.fasta,downloads/FungiDB-68_Sschenckii1099-18_Genome.fasta,downloads/GCF_000961545.1_S_schenckii_v1_genomic.fna,32375103,32375103,FungiDB-68_Sschenckii1099-18_Genome_vs_GCF_000961545.1_S_schenckii_v1_genomic_blast.xml,0,0,0,0,0,0,0,0,32375103,0,0,0,0,0,0,FungiDB-68_Sschenckii1099-18_Genome_vs_GCF_000961545_subject_array_1760113476.bin
27,545650,5110,545650_5110,12,https://ftp.ncbi.nlm.nih.gov/genomes/all/GCF/000/820/605/GCF_000820605.1_S_brasiliensis_5110_v1,http://FungiDB.org/common/downloads/Current_Release/Sbrasiliensis5110/fasta/data/FungiDB-68_Sbrasiliensis5110_Genome.fasta,downloads/FungiDB-68_Sbrasiliensis5110_Genome.fasta,downloads/GCF_000820605.1_S_brasiliensis_5110_v1_genomic.fna,33205847,33205847,FungiDB-68_Sbrasiliensis5110_Genome_vs_GCF_000820605.1_S_brasiliensis_5110_v1_genomic_blast.xml,0,0,0,0,0,0,0,0,33205847,0,0,0,0,0,0,FungiDB-68_Sbrasiliensis5110_Genome_vs_GCF_000820605_subject_array_1760113496.bin
28,42068,RU7,42068_RU7,0,https://ftp.ncbi.nlm.nih.gov/genomes/all/GCF/001/477/535/GCF_001477535.1_Pneu_jiro_RU7_V2,http://FungiDB.org/common/downloads/Current_Release/PjiroveciiRU7/fasta/data/FungiDB-68_PjiroveciiRU7_Genome.fasta,downloads/FungiDB-68_PjiroveciiRU7_Genome.fasta,downloads/GCF_001477535.1_Pneu_jiro_RU7_V2_genomic.fna,8396240,8396240,FungiDB-68_PjiroveciiRU7_Genome_vs_GCF_001477535.1_Pneu_jiro_RU7_V2_genomic_blast.xml,0,0,0,1,0,0,0,0,8396236,0,0,3,0,0,0,FungiDB-68_PjiroveciiRU7_Genome_vs_GCF_001477535_subject_array_1760113504.bin
29,4754,B80,4754_B80,0,https://ftp.ncbi.nlm.nih.gov/genomes/all/GCF/001/477/545/GCF_001477545.1_Pneu_cari_B80_V3,http://FungiDB.org/common/downloads/Current_Release/PcariniiB80/fasta/data/FungiDB-68_PcariniiB80_Genome.fasta,downloads/FungiDB-68_PcariniiB80_Genome.fasta,downloads/GCF_001477545.1_Pneu_cari_B80_V3_genomic.fna,7661456,7661456,FungiDB-68_PcariniiB80_Genome_vs_GCF_001477545.1_Pneu_cari_B80_V3_genomic_blast.xml,0,0,0,0,0,0,0,0,7661454,0,0,2,0,0,0,FungiDB-68_PcariniiB80_Genome_vs_GCF_001477545_subject_array_1760113511.bin
30,40355,CBS 271.37,40355_CBS_271.37,0,https://ftp.ncbi.nlm.nih.gov/genomes/all/GCF/000/835/455/GCF_000835455.1_Fons_pedr_CBS_271_37_V1,http://FungiDB.org/common/downloads/Current_Release/FpedrosoiCBS271-37/fasta/data/FungiDB-68_FpedrosoiCBS271-37_Genome.fasta,downloads/FungiDB-68_FpedrosoiCBS271-37_Genome.fasta,downloads/GCF_000835455.1_Fons_pedr_CBS_271_37_V1_genomic.fna,34688880,34688880,FungiDB-68_FpedrosoiCBS271-37_Genome_vs_GCF_000835455.1_Fons_pedr_CBS_271_37_V1_genomic_blast.xml,0,0,0,0,0,0,0,55869,34632939,0,0,7,65,0,0,FungiDB-68_FpedrosoiCBS271-37_Genome_vs_GCF_000835455_subject_array_1760113531.bin
31,86056,CBS 650.93,86056_CBS_650.93,0,https://ftp.ncbi.nlm.nih.gov/genomes/all/GCF/000/835/555/GCF_000835555.1_Rhin_mack_CBS_650_93_V1,http://FungiDB.org/common/downloads/Current_Release/RmackenzieiCBS650.93/fasta/data/FungiDB-68_RmackenzieiCBS650.93_Genome.fasta,downloads/FungiDB-68_RmackenzieiCBS650.93_Genome.fasta,downloads/GCF_000835555.1_Rhin_mack_CBS_650_93_V1_genomic.fna,32474431,32474431,FungiDB-68_RmackenzieiCBS650.93_Genome_vs_GCF_000835555.1_Rhin_mack_CBS_650_93_V1_genomic_blast.xml,0,0,0,0,0,0,0,40765,32433482,0,1,22,161,0,0,FungiDB-68_RmackenzieiCBS650_subject_array_1760113558.bin
32,89940,CBS 173.52,89940_CBS_173.52,0,https://ftp.ncbi.nlm.nih.gov/genomes/all/GCF/000/835/475/GCF_000835475.1_Clad_bant_CBS_173_52_V1,http://FungiDB.org/common/downloads/Current_Release/CbantianaCBS173.52/fasta/data/FungiDB-68_CbantianaCBS173.52_Genome.fasta,downloads/FungiDB-68_CbantianaCBS173.52_Genome.fasta,downloads/GCF_000835475.1_Clad_bant_CBS_173_52_V1_genomic.fna,36722552,36722552,FungiDB-68_CbantianaCBS173.52_Genome_vs_GCF_000835475.1_Clad_bant_CBS_173_52_V1_genomic_blast.xml,0,0,2,0,0,0,0,83317,36639171,0,0,9,53,0,0,FungiDB-68_CbantianaCBS173_subject_array_1760113588.bin
33,979981,CBS 102226,979981_CBS_102226,0,https://ftp.ncbi.nlm.nih.gov/genomes/all/GCF/000/836/435/GCF_000836435.1_Fons_mult_CBS_102226_V1,http://FungiDB.org/common/downloads/Current_Release/FmultimorphosaCBS102226/fasta/data/FungiDB-68_FmultimorphosaCBS102226_Genome.fasta,downloads/FungiDB-68_FmultimorphosaCBS102226_Genome.fasta,downloads/GCF_000836435.1_Fons_mult_CBS_102226_V1_genomic.fna,33447075,33447075,FungiDB-68_FmultimorphosaCBS102226_Genome_vs_GCF_000836435.1_Fons_mult_CBS_102226_V1_genomic_blast.xml,0,0,0,0,0,0,0,18376,33428698,0,0,1,0,0,0,FungiDB-68_FmultimorphosaCBS102226_Genome_vs_GCF_000836435_subject_array_1760113606.bin
34,1340029,CBS 122712,1340029_CBS_122712,0,https://ftp.ncbi.nlm.nih.gov/genomes/all/GCF/003/184/535/GCF_003184535.1_Aspeuc1,http://FungiDB.org/common/downloads/Current_Release/AeucalypticolaCBS122712/fasta/data/FungiDB-68_AeucalypticolaCBS122712_Genome.fasta,downloads/FungiDB-68_AeucalypticolaCBS122712_Genome.fasta,downloads/GCF_003184535.1_Aspeuc1_genomic.fna,34792412,34792412,FungiDB-68_AeucalypticolaCBS122712_Genome_vs_GCF_003184535.1_Aspeuc1_genomic_blast.xml,0,0,0,0,0,0,0,0,34792408,0,1,3,0,0,0,FungiDB-68_AeucalypticolaCBS122712_Genome_vs_GCF_003184535_subject_array_1760113627.bin
35,446911,CBS 121591,446911_CBS_121591,0,https://ftp.ncbi.nlm.nih.gov/genomes/all/GCF/003/184/745/GCF_003184745.1_Aspuva1,http://FungiDB.org/common/downloads/Current_Release/AuvarumCBS121591/fasta/data/FungiDB-68_AuvarumCBS121591_Genome.fasta,downloads/FungiDB-68_AuvarumCBS121591_Genome.fasta,downloads/GCF_003184745.1_Aspuva1_genomic.fna,35850703,35850703,FungiDB-68_AuvarumCBS121591_Genome_vs_GCF_003184745.1_Aspuva1_genomic_blast.xml,0,0,1,0,0,0,1,9514,35841095,0,0,14,77,0,1,FungiDB-68_AuvarumCBS121591_Genome_vs_GCF_003184745_subject_array_1760113652.bin
36,301854,CBS 121593,301854_CBS_121593,0,https://ftp.ncbi.nlm.nih.gov/genomes/all/GCF/003/184/845/GCF_003184845.1_Aspibe1,http://FungiDB.org/common/downloads/Current_Release/AibericusCBS121593/fasta/data/FungiDB-68_AibericusCBS121593_Genome.fasta,downloads/FungiDB-68_AibericusCBS121593_Genome.fasta,downloads/GCF_003184845.1_Aspibe1_genomic.fna,33437983,33437983,FungiDB-68_AibericusCBS121593_Genome_vs_GCF_003184845.1_Aspibe1_genomic_blast.xml,0,0,0,0,0,0,0,11722,33426260,0,0,1,0,0,0,FungiDB-68_AibericusCBS121593_Genome_vs_GCF_003184845_subject_array_1760113676.bin
37,1191702,CBS 313.89,1191702_CBS_313.89,0,https://ftp.ncbi.nlm.nih.gov/genomes/all/GCF/003/184/825/GCF_003184825.1_Aspfij1,http://FungiDB.org/common/downloads/Current_Release/AfijiensisCBS313.89/fasta/data/FungiDB-68_AfijiensisCBS313.89_Genome.fasta,downloads/FungiDB-68_AfijiensisCBS313.89_Genome.fasta,downloads/GCF_003184825.1_Aspfij1_genomic.fna,36513906,36513906,FungiDB-68_AfijiensisCBS313.89_Genome_vs_GCF_003184825.1_Aspfij1_genomic_blast.xml,0,0,0,1,0,0,1,12829,36500898,0,0,35,142,0,0,FungiDB-68_AfijiensisCBS313_subject_array_1760113698.bin
38,51019,CBS 117.55,51019_CBS_117.55,0,https://ftp.ncbi.nlm.nih.gov/genomes/all/GCF/003/184/545/GCF_003184545.1_Asphet1,http://FungiDB.org/common/downloads/Current_Release/AheteromorphusCBS117.55/fasta/data/FungiDB-68_AheteromorphusCBS117.55_Genome.fasta,downloads/FungiDB-68_AheteromorphusCBS117.55_Genome.fasta,downloads/GCF_003184545.1_Asphet1_genomic.fna,35607567,35607567,FungiDB-68_AheteromorphusCBS117.55_Genome_vs_GCF_003184545.1_Asphet1_genomic_blast.xml,0,0,0,0,0,0,1,0,35607561,0,0,1,4,0,0,FungiDB-68_AheteromorphusCBS117_subject_array_1760113745.bin
39,319626,CBS 101889,319626_CBS_101889,0,https://ftp.ncbi.nlm.nih.gov/genomes/all/GCF/003/184/865/GCF_003184865.1_Asphom1,http://FungiDB.org/common/downloads/Current_Release/AhomomorphusCBS101889/fasta/data/FungiDB-68_AhomomorphusCBS101889_Genome.fasta,downloads/FungiDB-68_AhomomorphusCBS101889_Genome.fasta,downloads/GCF_003184865.1_Asphom1_genomic.fna,34054866,34054866,FungiDB-68_AhomomorphusCBS101889_Genome_vs_GCF_003184865.1_Asphom1_genomic_blast.xml,0,0,0,0,0,0,0,33787,34020979,0,0,12,87,0,1,FungiDB-68_AhomomorphusCBS101889_Genome_vs_GCF_003184865_subject_array_1760113768.bin
40,162425,FGSC A4,162425_FGSC_A4,0,https://ftp.ncbi.nlm.nih.gov/genomes/all/GCF/000/011/425/GCF_000011425.1_ASM1142v1,http://FungiDB.org/common/downloads/Current_Release/AnidulansFGSCA4/fasta/data/FungiDB-68_AnidulansFGSCA4_Genome.fasta,downloads/FungiDB-68_AnidulansFGSCA4_Genome.fasta,downloads/GCF_000011425.1_ASM1142v1_genomic.fna,30517218,29828291,FungiDB-68_AnidulansFGSCA4_Genome_vs_GCF_000011425.1_ASM1142v1_genomic_blast.xml,0,0,1,0,0,0,3,10276,29817868,0,3,24,115,0,1,FungiDB-68_AnidulansFGSCA4_Genome_vs_GCF_000011425_subject_array_1760113789.bin
41,5476,SC5314,5476_SC5314,0,https://ftp.ncbi.nlm.nih.gov/genomes/all/GCF/000/182/965/GCF_000182965.3_ASM18296v3,http://FungiDB.org/common/downloads/Current_Release/CalbicansSC5314/fasta/data/FungiDB-68_CalbicansSC5314_Genome.fasta,downloads/FungiDB-68_CalbicansSC5314_Genome.fasta,downloads/GCF_000182965.3_ASM18296v3_genomic.fna,14323086,14282666,FungiDB-68_CalbicansSC5314_Genome_vs_GCF_000182965.3_ASM18296v3_genomic_blast.xml,0,0,0,0,0,0,0,5744,14275086,0,0,1820,16,0,0,FungiDB-68_CalbicansSC5314_Genome_vs_GCF_000182965_subject_array_1760113798.bin
42,5270,521,5270_521,0,https://ftp.ncbi.nlm.nih.gov/genomes/all/GCF/000/328/475/GCF_000328475.2_Umaydis521_2.0,http://FungiDB.org/common/downloads/Current_Release/Umaydis521/fasta/data/FungiDB-68_Umaydis521_Genome.fasta,downloads/FungiDB-68_Umaydis521_Genome.fasta,downloads/GCF_000328475.2_Umaydis521_2.0_genomic.fna,19664356,19664356,FungiDB-68_Umaydis521_Genome_vs_GCF_000328475.2_Umaydis521_2.0_genomic_blast.xml,0,0,1,0,0,0,0,22284,19641837,0,0,12,221,0,1,FungiDB-68_Umaydis521_Genome_vs_GCF_000328475_subject_array_1760113816.bin
43,5346,okayama7#130,5346_okayama7#130,0,https://ftp.ncbi.nlm.nih.gov/genomes/all/GCF/000/182/895/GCF_000182895.1_CC3,http://FungiDB.org/common/downloads/Current_Release/Ccinereaokay7-130/fasta/data/FungiDB-68_Ccinereaokay7-130_Genome.fasta,downloads/FungiDB-68_Ccinereaokay7-130_Genome.fasta,downloads/GCF_000182895.1_CC3_genomic.fna,36192590,36192590,FungiDB-68_Ccinereaokay7-130_Genome_vs_GCF_000182895.1_CC3_genomic_blast.xml,0,0,0,0,0,0,1,1,36192579,0,1,8,0,0,0,FungiDB-68_Ccinereaokay7-130_Genome_vs_GCF_000182895_subject_array_1760113844.bin
46,5501,RS,5501_RS,0,https://ftp.ncbi.nlm.nih.gov/genomes/all/GCF/000/149/335/GCF_000149335.2_ASM14933v2,http://FungiDB.org/common/downloads/Current_Release/CimmitisRS/fasta/data/FungiDB-68_CimmitisRS_Genome.fasta,downloads/FungiDB-68_CimmitisRS_Genome.fasta,downloads/GCF_000149335.2_ASM14933v2_genomic.fna,29016019,29016019,FungiDB-68_CimmitisRS_Genome_vs_GCF_000149335.2_ASM14933v2_genomic_blast.xml,0,0,2,6,0,0,6,133,29015644,0,3,39,186,0,0,FungiDB-68_CimmitisRS_Genome_vs_GCF_000149335_subject_array_1760113902.bin
47,28985,NRRL Y-1140,28985_NRRL_Y-1140,0,https://ftp.ncbi.nlm.nih.gov/genomes/all/GCF/000/002/515/GCF_000002515.2_ASM251v1,http://FungiDB.org/common/downloads/Current_Release/KlactisNRRLY-1140/fasta/data/FungiDB-68_KlactisNRRLY-1140_Genome.fasta,downloads/FungiDB-68_KlactisNRRLY-1140_Genome.fasta,downloads/GCF_000002515.2_ASM251v1_genomic.fna,10689156,10729447,FungiDB-68_KlactisNRRLY-1140_Genome_vs_GCF_000002515.2_ASM251v1_genomic_blast.xml,0,0,0,0,0,0,0,40291,10689156,0,0,0,0,0,0,FungiDB-68_KlactisNRRLY-1140_Genome_vs_GCF_000002515_subject_array_1760113909.bin
48,4959,CBS767,4959_CBS767,0,https://ftp.ncbi.nlm.nih.gov/genomes/all/GCF/000/006/445/GCF_000006445.2_ASM644v2,http://FungiDB.org/common/downloads/Current_Release/DhanseniiCBS767/fasta/data/FungiDB-68_DhanseniiCBS767_Genome.fasta,downloads/FungiDB-68_DhanseniiCBS767_Genome.fasta,downloads/GCF_000006445.2_ASM644v2_genomic.fna,12152486,12181948,FungiDB-68_DhanseniiCBS767_Genome_vs_GCF_000006445.2_ASM644v2_genomic_blast.xml,0,0,7,0,0,0,7,25950,12153369,0,15,164,2415,0,21,FungiDB-68_DhanseniiCBS767_Genome_vs_GCF_000006445_subject_array_1760113916.bin
49,4896,972h-,4896_972h-,0,https://ftp.ncbi.nlm.nih.gov/genomes/all/GCF/000/002/945/GCF_000002945.2_ASM294v3,http://FungiDB.org/common/downloads/Current_Release/Spombe972h/fasta/data/FungiDB-68_Spombe972h_Genome.fasta,downloads/FungiDB-68_Spombe972h_Genome.fasta,downloads/GCF_000002945.2_ASM294v3_genomic.fna,12631379,12591253,FungiDB-68_Spombe972h_Genome_vs_GCF_000002945.2_ASM294v3_genomic_blast.xml,0,0,0,0,0,0,4,368,12590841,0,6,15,18,0,1,FungiDB-68_Spombe972h_Genome_vs_GCF_000002945_subject_array_1760113924.bin
50,4929,ATCC 6260,4929_ATCC_6260,0,https://ftp.ncbi.nlm.nih.gov/genomes/all/GCF/000/149/425/GCF_000149425.1_ASM14942v1,http://FungiDB.org/common/downloads/Current_Release/MguilliermondiiATCC6260/fasta/data/FungiDB-68_MguilliermondiiATCC6260_Genome.fasta,downloads/FungiDB-68_MguilliermondiiATCC6260_Genome.fasta,downloads/GCF_000149425.1_ASM14942v1_genomic.fna,10609954,10609954,FungiDB-68_MguilliermondiiATCC6260_Genome_vs_GCF_000149425.1_ASM14942v1_genomic_blast.xml,0,0,0,0,0,0,5,35374,10574519,0,31,10,15,0,0,FungiDB-68_MguilliermondiiATCC6260_Genome_vs_GCF_000149425_subject_array_1760113931.bin
51,5482,MYA-3404,5482_MYA-3404,0,https://ftp.ncbi.nlm.nih.gov/genomes/all/GCF/000/006/335/GCF_000006335.3_ASM633v3,http://FungiDB.org/common/downloads/Current_Release/CtropicalisMYA3404/fasta/data/FungiDB-68_CtropicalisMYA3404_Genome.fasta,downloads/FungiDB-68_CtropicalisMYA3404_Genome.fasta,downloads/GCF_000006335.3_ASM633v3_genomic.fna,14630139,14630139,FungiDB-68_CtropicalisMYA3404_Genome_vs_GCF_000006335.3_ASM633v3_genomic_blast.xml,0,0,0,2,0,0,5,53984,14576067,0,1,41,39,0,0,FungiDB-68_CtropicalisMYA3404_Genome_vs_GCF_000006335_subject_array_1760113940.bin
52,38033,CBS 148.51,38033_CBS_148.51,0,https://ftp.ncbi.nlm.nih.gov/genomes/all/GCF/000/143/365/GCF_000143365.1_ASM14336v1,http://FungiDB.org/common/downloads/Current_Release/CglobosumCBS148.51/fasta/data/FungiDB-68_CglobosumCBS148.51_Genome.fasta,downloads/FungiDB-68_CglobosumCBS148.51_Genome.fasta,downloads/GCF_000143365.1_ASM14336v1_genomic.fna,34886939,34886939,FungiDB-68_CglobosumCBS148.51_Genome_vs_GCF_000143365.1_ASM14336v1_genomic_blast.xml,0,0,1,1,0,0,7,548481,34337518,0,10,50,864,0,7,FungiDB-68_CglobosumCBS148_subject_array_1760113974.bin
53,13684,SN15,13684_SN15,0,https://ftp.ncbi.nlm.nih.gov/genomes/all/GCF/000/146/915/GCF_000146915.1_ASM14691v2,http://FungiDB.org/common/downloads/Current_Release/PnodorumSN15/fasta/data/FungiDB-68_PnodorumSN15_Genome.fasta,downloads/FungiDB-68_PnodorumSN15_Genome.fasta,downloads/GCF_000146915.1_ASM14691v2_genomic.fna,37020537,37213987,FungiDB-68_PnodorumSN15_Genome_vs_GCF_000146915.1_ASM14691v2_genomic_blast.xml,0,0,779,168,0,0,1402,275789,29204733,0,16250,75959,7632225,0,6682,FungiDB-68_PnodorumSN15_Genome_vs_GCF_000146915_subject_array_1760114006.bin
54,746128,Af293,746128_Af293,0,https://ftp.ncbi.nlm.nih.gov/genomes/all/GCF/000/002/655/GCF_000002655.1_ASM265v1,http://FungiDB.org/common/downloads/Current_Release/AfumigatusAf293/fasta/data/FungiDB-68_AfumigatusAf293_Genome.fasta,downloads/FungiDB-68_AfumigatusAf293_Genome.fasta,downloads/GCF_000002655.1_ASM265v1_genomic.fna,29420142,29384958,FungiDB-68_AfumigatusAf293_Genome_vs_GCF_000002655.1_ASM265v1_genomic_blast.xml,0,0,0,1,0,0,1,574786,28810045,0,0,34,91,0,0,FungiDB-68_AfumigatusAf293_Genome_vs_GCF_000002655_subject_array_1760114025.bin
55,36630,NRRL 181,36630_NRRL_181,0,https://ftp.ncbi.nlm.nih.gov/genomes/all/GCF/000/149/645/GCF_000149645.3_ASM14964v4,http://FungiDB.org/common/downloads/Current_Release/AfischeriNRRL181/fasta/data/FungiDB-68_AfischeriNRRL181_Genome.fasta,downloads/FungiDB-68_AfischeriNRRL181_Genome.fasta,downloads/GCF_000149645.3_ASM14964v4_genomic.fna,31377515,31377515,FungiDB-68_AfischeriNRRL181_Genome_vs_GCF_000149645.3_ASM14964v4_genomic_blast.xml,0,0,21,2,0,0,35,7553,31353401,0,25,157,16306,0,15,FungiDB-68_AfischeriNRRL181_Genome_vs_GCF_000149645_subject_array_1760114047.bin
56,40559,B05.10,40559_B05.10,0,https://ftp.ncbi.nlm.nih.gov/genomes/all/GCF/000/143/535/GCF_000143535.2_ASM14353v4,http://FungiDB.org/common/downloads/Current_Release/BcinereaB05-10/fasta/data/FungiDB-68_BcinereaB05-10_Genome.fasta,downloads/FungiDB-68_BcinereaB05-10_Genome.fasta,downloads/GCF_000143535.2_ASM14353v4_genomic.fna,42630066,42630066,FungiDB-68_BcinereaB05-10_Genome_vs_GCF_000143535.2_ASM14353v4_genomic_blast.xml,0,0,0,0,0,0,0,0,42630066,0,0,0,0,0,0,FungiDB-68_BcinereaB05-10_Genome_vs_GCF_000143535_subject_array_1760114096.bin
57,117187,7600,117187_7600,0,https://ftp.ncbi.nlm.nih.gov/genomes/all/GCF/000/149/555/GCF_000149555.1_ASM14955v1,http://FungiDB.org/common/downloads/Current_Release/Fverticillioides7600/fasta/data/FungiDB-68_Fverticillioides7600_Genome.fasta,downloads/FungiDB-68_Fverticillioides7600_Genome.fasta,downloads/GCF_000149555.1_ASM14955v1_genomic.fna,41885085,41844914,FungiDB-68_Fverticillioides7600_Genome_vs_GCF_000149555.1_ASM14955v1_genomic_blast.xml,0,0,2,1,0,0,47,90638,41754105,0,15,48,58,0,0,FungiDB-68_Fverticillioides7600_Genome_vs_GCF_000149555_subject_array_1760114125.bin
59,33188,1704,33188_1704,0,https://ftp.ncbi.nlm.nih.gov/genomes/all/GCF/000/003/515/GCF_000003515.1_ASM351v2,http://FungiDB.org/common/downloads/Current_Release/Ureesii1704/fasta/data/FungiDB-68_Ureesii1704_Genome.fasta,downloads/FungiDB-68_Ureesii1704_Genome.fasta,downloads/GCF_000003515.1_ASM351v2_genomic.fna,22349738,22349738,FungiDB-68_Ureesii1704_Genome_vs_GCF_000003515.1_ASM351v2_genomic_blast.xml,0,0,5,3,0,0,13,179243,22169215,0,16,193,1041,0,9,FungiDB-68_Ureesii1704_Genome_vs_GCF_000003515_subject_array_1760114141.bin
60,33178,NIH2624,33178_NIH2624,0,https://ftp.ncbi.nlm.nih.gov/genomes/all/GCF/000/149/615/GCF_000149615.1_ASM14961v1,http://FungiDB.org/common/downloads/Current_Release/AterreusNIH2624/fasta/data/FungiDB-68_AterreusNIH2624_Genome.fasta,downloads/FungiDB-68_AterreusNIH2624_Genome.fasta,downloads/GCF_000149615.1_ASM14961v1_genomic.fna,29364022,29364022,FungiDB-68_AterreusNIH2624_Genome_vs_GCF_000149615.1_ASM14961v1_genomic_blast.xml,0,0,0,1,0,0,2,133184,29230785,0,0,5,45,0,0,FungiDB-68_AterreusNIH2624_Genome_vs_GCF_000149615_subject_array_1760114158.bin
61,5057,NRRL 1,5057_NRRL_1,0,https://ftp.ncbi.nlm.nih.gov/genomes/all/GCF/000/002/715/GCF_000002715.2_ASM271v1,http://FungiDB.org/common/downloads/Current_Release/AclavatusNRRL1/fasta/data/FungiDB-68_AclavatusNRRL1_Genome.fasta,downloads/FungiDB-68_AclavatusNRRL1_Genome.fasta,downloads/GCF_000002715.2_ASM271v1_genomic.fna,27894497,27859441,FungiDB-68_AclavatusNRRL1_Genome_vs_GCF_000002715.2_ASM271v1_genomic_blast.xml,0,0,96,4,0,0,60,5841,27823155,0,21,292,29950,0,22,FungiDB-68_AclavatusNRRL1_Genome_vs_GCF_000002715_subject_array_1760114183.bin
62,5141,OR74A,5141_OR74A,0,https://ftp.ncbi.nlm.nih.gov/genomes/all/GCF/000/182/925/GCF_000182925.2_NC12,http://FungiDB.org/common/downloads/Current_Release/NcrassaOR74A/fasta/data/FungiDB-68_NcrassaOR74A_Genome.fasta,downloads/FungiDB-68_NcrassaOR74A_Genome.fasta,downloads/GCF_000182925.2_NC12_genomic.fna,41102378,41102378,FungiDB-68_NcrassaOR74A_Genome_vs_GCF_000182925.2_NC12_genomic_blast.xml,0,0,18,4,0,0,14,32356,41065227,0,9,817,3912,0,21,FungiDB-68_NcrassaOR74A_Genome_vs_GCF_000182925_subject_array_1760114221.bin
63,37769,WM276,37769_WM276,0,https://ftp.ncbi.nlm.nih.gov/genomes/all/GCF/000/185/945/GCF_000185945.1_ASM18594v1,http://FungiDB.org/common/downloads/Current_Release/CgattiiWM276/fasta/data/FungiDB-68_CgattiiWM276_Genome.fasta,downloads/FungiDB-68_CgattiiWM276_Genome.fasta,downloads/GCF_000185945.1_ASM18594v1_genomic.fna,18374760,18374760,FungiDB-68_CgattiiWM276_Genome_vs_GCF_000185945.1_ASM18594v1_genomic_blast.xml,0,0,0,0,0,0,0,13056,18361704,0,0,0,0,0,0,FungiDB-68_CgattiiWM276_Genome_vs_GCF_000185945_subject_array_1760114236.bin
64,36914,NRRL YB-4239,36914_NRRL_YB-4239,0,https://ftp.ncbi.nlm.nih.gov/genomes/all/GCF/030/384/665/GCF_030384665.1_ASM3038466v1,http://FungiDB.org/common/downloads/Current_Release/LelongisporusNRRLYB-4239/fasta/data/FungiDB-68_LelongisporusNRRLYB-4239_Genome.fasta,downloads/FungiDB-68_LelongisporusNRRLYB-4239_Genome.fasta,downloads/GCF_030384665.1_ASM3038466v1_genomic.fna,15547272,16086460,FungiDB-68_LelongisporusNRRLYB-4239_Genome_vs_GCF_030384665.1_ASM3038466v1_genomic_blast.xml,0,0,744,747,1,0,11382,127878,15529411,0,44127,79358,290659,0,2153,FungiDB-68_LelongisporusNRRLYB-4239_Genome_vs_GCF_030384665_subject_array_1760114249.bin
66,4897,yFS275,4897_yFS275,0,https://ftp.ncbi.nlm.nih.gov/genomes/all/GCF/000/149/845/GCF_000149845.2_SJ5,http://FungiDB.org/common/downloads/Current_Release/SjaponicusyFS275/fasta/data/FungiDB-68_SjaponicusyFS275_Genome.fasta,downloads/FungiDB-68_SjaponicusyFS275_Genome.fasta,downloads/GCF_000149845.2_SJ5_genomic.fna,11813213,11733154,FungiDB-68_SjaponicusyFS275_Genome_vs_GCF_000149845.2_SJ5_genomic_blast.xml,0,0,1,0,0,0,8,596369,11136394,0,2,23,357,0,0,FungiDB-68_SjaponicusyFS275_Genome_vs_GCF_000149845_subject_array_1760114256.bin
67,29875,Gv29-8,29875_Gv29-8,93,https://ftp.ncbi.nlm.nih.gov/genomes/all/GCF/000/170/995/GCF_000170995.1_TRIVI_v2.0,http://FungiDB.org/common/downloads/Current_Release/TvirensGv29-8/fasta/data/FungiDB-68_TvirensGv29-8_Genome.fasta,downloads/FungiDB-68_TvirensGv29-8_Genome.fasta,downloads/GCF_000170995.1_TRIVI_v2.0_genomic.fna,39022666,39022666,FungiDB-68_TvirensGv29-8_Genome_vs_GCF_000170995.1_TRIVI_v2.0_genomic_blast.xml,0,0,0,40,0,0,285,11,39020879,0,431,1015,4,0,1,FungiDB-68_TvirensGv29-8_Genome_vs_GCF_000170995_subject_array_1760114278.bin
68,76773,CBS 7966,76773_CBS_7966,0,https://ftp.ncbi.nlm.nih.gov/genomes/all/GCF/000/181/695/GCF_000181695.2_ASM18169v2,http://FungiDB.org/common/downloads/Current_Release/MglobosaCBS7966/fasta/data/FungiDB-68_MglobosaCBS7966_Genome.fasta,downloads/FungiDB-68_MglobosaCBS7966_Genome.fasta,downloads/GCF_000181695.2_ASM18169v2_genomic.fna,8958118,8954998,FungiDB-68_MglobosaCBS7966_Genome_vs_GCF_000181695.2_ASM18169v2_genomic_blast.xml,0,0,0,0,0,0,3,1,8954985,0,2,4,3,0,0,FungiDB-68_MglobosaCBS7966_Genome_vs_GCF_000181695_subject_array_1760114284.bin
69,51453,QM6a,51453_QM6a,0,https://ftp.ncbi.nlm.nih.gov/genomes/all/GCF/000/167/675/GCF_000167675.1_v2.0,http://FungiDB.org/common/downloads/Current_Release/TreeseiQM6a/fasta/data/FungiDB-68_TreeseiQM6a_Genome.fasta,downloads/FungiDB-68_TreeseiQM6a_Genome.fasta,downloads/GCF_000167675.1_v2.0_genomic.fna,33395713,33395713,FungiDB-68_TreeseiQM6a_Genome_vs_GCF_000167675.1_v2.0_genomic_blast.xml,0,0,1,1,0,0,8,46740,33348830,0,1,24,106,0,2,FungiDB-68_TreeseiQM6a_Genome_vs_GCF_000167675_subject_array_1760114304.bin
70,28564,ATCC 10500,28564_ATCC_10500,0,https://ftp.ncbi.nlm.nih.gov/genomes/all/GCF/000/003/125/GCF_000003125.1_JCVI-TSTA1-3.0,http://FungiDB.org/common/downloads/Current_Release/TstipitatusATCC10500/fasta/data/FungiDB-68_TstipitatusATCC10500_Genome.fasta,downloads/FungiDB-68_TstipitatusATCC10500_Genome.fasta,downloads/GCF_000003125.1_JCVI-TSTA1-3.0_genomic.fna,35721794,35685443,FungiDB-68_TstipitatusATCC10500_Genome_vs_GCF_000003125.1_JCVI-TSTA1-3.0_genomic_blast.xml,0,0,0,0,0,0,0,13121267,22463136,0,304,8030,92323,0,383,FungiDB-68_TstipitatusATCC10500_Genome_vs_GCF_000003125_subject_array_1760114344.bin
72,4899,yFS286,4899_yFS286,0,https://ftp.ncbi.nlm.nih.gov/genomes/all/GCF/000/150/505/GCF_000150505.1_SO6,http://FungiDB.org/common/downloads/Current_Release/SoctosporusyFS286/fasta/data/FungiDB-68_SoctosporusyFS286_Genome.fasta,downloads/FungiDB-68_SoctosporusyFS286_Genome.fasta,downloads/GCF_000150505.1_SO6_genomic.fna,11678700,11634473,FungiDB-68_SoctosporusyFS286_Genome_vs_GCF_000150505.1_SO6_genomic_blast.xml,0,0,3,1,0,0,0,370737,11263117,0,0,17,594,0,4,FungiDB-68_SoctosporusyFS286_Genome_vs_GCF_000150505_subject_array_1760114352.bin
74,121759,Pb18,121759_Pb18,0,https://ftp.ncbi.nlm.nih.gov/genomes/all/GCF/000/150/735/GCF_000150735.1_Paracocci_br_Pb18_V2,http://FungiDB.org/common/downloads/Current_Release/PbrasiliensisPb18/fasta/data/FungiDB-68_PbrasiliensisPb18_Genome.fasta,downloads/FungiDB-68_PbrasiliensisPb18_Genome.fasta,downloads/GCF_000150735.1_Paracocci_br_Pb18_V2_genomic.fna,29952540,29952540,FungiDB-68_PbrasiliensisPb18_Genome_vs_GCF_000150735.1_Paracocci_br_Pb18_V2_genomic_blast.xml,0,0,7,0,0,0,9,483360,29468551,0,12,86,503,0,12,FungiDB-68_PbrasiliensisPb18_Genome_vs_GCF_000150735_subject_array_1760114383.bin
75,5062,RIB40,5062_RIB40,3,https://ftp.ncbi.nlm.nih.gov/genomes/all/GCF/000/184/455/GCF_000184455.2_ASM18445v3,http://FungiDB.org/common/downloads/Current_Release/AoryzaeRIB40/fasta/data/FungiDB-68_AoryzaeRIB40_Genome.fasta,downloads/FungiDB-68_AoryzaeRIB40_Genome.fasta,downloads/GCF_000184455.2_ASM18445v3_genomic.fna,37912014,37912014,FungiDB-68_AoryzaeRIB40_Genome_vs_GCF_000184455.2_ASM18445v3_genomic_blast.xml,0,0,0,0,0,0,0,794321,37117687,0,1,0,5,0,0,FungiDB-68_AoryzaeRIB40_Genome_vs_GCF_000184455_subject_array_1760114403.bin
76,40127,FGSC 2508,40127_FGSC_2508,0,https://ftp.ncbi.nlm.nih.gov/genomes/all/GCF/000/213/175/GCF_000213175.1_v2.0,http://FungiDB.org/common/downloads/Current_Release/NtetraspermaFGSC2508/fasta/data/FungiDB-68_NtetraspermaFGSC2508_Genome.fasta,downloads/FungiDB-68_NtetraspermaFGSC2508_Genome.fasta,downloads/GCF_000213175.1_v2.0_genomic.fna,39146333,39146333,FungiDB-68_NtetraspermaFGSC2508_Genome_vs_GCF_000213175.1_v2.0_genomic_blast.xml,0,0,4,3,0,0,2,653300,38491828,0,4,248,941,0,3,FungiDB-68_NtetraspermaFGSC2508_Genome_vs_GCF_000213175_subject_array_1760114431.bin
77,2587412,S mat+,2587412_S_mat+,0,https://ftp.ncbi.nlm.nih.gov/genomes/all/GCF/000/226/545/GCF_000226545.1_ASM22654v1,http://FungiDB.org/common/downloads/Current_Release/PanserinaSmat/fasta/data/FungiDB-68_PanserinaSmat_Genome.fasta,downloads/FungiDB-68_PanserinaSmat_Genome.fasta,downloads/GCF_000226545.1_ASM22654v1_genomic.fna,34718894,34718894,FungiDB-68_PanserinaSmat_Genome_vs_GCF_000226545.1_ASM22654v1_genomic_blast.xml,0,0,3,1,0,0,2,466649,34251621,0,3,60,553,0,2,FungiDB-68_PanserinaSmat_Genome_vs_GCF_000226545_subject_array_1760114458.bin
78,63402,CBS 118893,63402_CBS_118893,0,https://ftp.ncbi.nlm.nih.gov/genomes/all/GCF/000/150/975/GCF_000150975.2_MS_CBS118893,http://FungiDB.org/common/downloads/Current_Release/NgypseaCBS118893/fasta/data/FungiDB-68_NgypseaCBS118893_Genome.fasta,downloads/FungiDB-68_NgypseaCBS118893_Genome.fasta,downloads/GCF_000150975.2_MS_CBS118893_genomic.fna,23272942,23272942,FungiDB-68_NgypseaCBS118893_Genome_vs_GCF_000150975.2_MS_CBS118893_genomic_blast.xml,0,0,0,0,0,0,2,157393,23115522,0,1,4,20,0,0,FungiDB-68_NgypseaCBS118893_Genome_vs_GCF_000150975_subject_array_1760114473.bin
79,63405,CBS 113480,63405_CBS_113480,0,https://ftp.ncbi.nlm.nih.gov/genomes/all/GCF/000/151/145/GCF_000151145.1_ASM15114v1,http://FungiDB.org/common/downloads/Current_Release/McanisCBS113480/fasta/data/FungiDB-68_McanisCBS113480_Genome.fasta,downloads/FungiDB-68_McanisCBS113480_Genome.fasta,downloads/GCF_000151145.1_ASM15114v1_genomic.fna,23263091,23263091,FungiDB-68_McanisCBS113480_Genome_vs_GCF_000151145.1_ASM15114v1_genomic_blast.xml,0,0,0,0,0,0,0,125411,23137533,0,1,5,141,0,0,FungiDB-68_McanisCBS113480_Genome_vs_GCF_000151145_subject_array_1760114489.bin
80,4932,S288C,4932_S288C,0,https://ftp.ncbi.nlm.nih.gov/genomes/all/GCF/000/146/045/GCF_000146045.2_R64,http://FungiDB.org/common/downloads/Current_Release/ScerevisiaeS288C/fasta/data/FungiDB-68_ScerevisiaeS288C_Genome.fasta,downloads/FungiDB-68_ScerevisiaeS288C_Genome.fasta,downloads/GCF_000146045.2_R64_genomic.fna,12157105,12157105,FungiDB-68_ScerevisiaeS288C_Genome_vs_GCF_000146045.2_R64_genomic_blast.xml,0,0,0,0,0,0,0,0,12157105,0,0,0,0,0,0,FungiDB-68_ScerevisiaeS288C_Genome_vs_GCF_000146045_subject_array_1760114502.bin
83,5551,CBS 118892,5551_CBS_118892,0,https://ftp.ncbi.nlm.nih.gov/genomes/all/GCF/000/151/425/GCF_000151425.1_ASM15142v1,http://FungiDB.org/common/downloads/Current_Release/TrubrumCBS118892/fasta/data/FungiDB-68_TrubrumCBS118892_Genome.fasta,downloads/FungiDB-68_TrubrumCBS118892_Genome.fasta,downloads/GCF_000151425.1_ASM15142v1_genomic.fna,22530013,22530013,FungiDB-68_TrubrumCBS118892_Genome_vs_GCF_000151425.1_ASM15142v1_genomic_blast.xml,0,0,0,1,0,0,16,401783,22128008,0,22,63,120,0,0,FungiDB-68_TrubrumCBS118892_Genome_vs_GCF_000151425_subject_array_1760114514.bin
85,42374,CD36,42374_CD36,0,https://ftp.ncbi.nlm.nih.gov/genomes/all/GCF/000/026/945/GCF_000026945.1_ASM2694v1,http://FungiDB.org/common/downloads/Current_Release/CdubliniensisCD36/fasta/data/FungiDB-68_CdubliniensisCD36_Genome.fasta,downloads/FungiDB-68_CdubliniensisCD36_Genome.fasta,downloads/GCF_000026945.1_ASM2694v1_genomic.fna,14618422,14618422,FungiDB-68_CdubliniensisCD36_Genome_vs_GCF_000026945.1_ASM2694v1_genomic_blast.xml,0,0,0,0,0,0,0,0,14618422,0,0,0,0,0,0,FungiDB-68_CdubliniensisCD36_Genome_vs_GCF_000026945_subject_array_1760114525.bin
86,5480,CDC317,5480_CDC317,0,https://ftp.ncbi.nlm.nih.gov/genomes/all/GCF/000/182/765/GCF_000182765.1_ASM18276v2,http://FungiDB.org/common/downloads/Current_Release/CparapsilosisCDC317/fasta/data/FungiDB-68_CparapsilosisCDC317_Genome.fasta,downloads/FungiDB-68_CparapsilosisCDC317_Genome.fasta,downloads/GCF_000182765.1_ASM18276v2_genomic.fna,13030174,13031138,FungiDB-68_CparapsilosisCDC317_Genome_vs_GCF_000182765.1_ASM18276v2_genomic_blast.xml,0,0,1,2,0,0,9,6,13030369,0,44,81,626,0,0,FungiDB-68_CparapsilosisCDC317_Genome_vs_GCF_000182765_subject_array_1760114534.bin
87,5334,H4-8,5334_H4-8,0,https://ftp.ncbi.nlm.nih.gov/genomes/all/GCF/000/143/185/GCF_000143185.2_Schco3,http://FungiDB.org/common/downloads/Current_Release/ScommuneH4-8/fasta/data/FungiDB-68_ScommuneH4-8_Genome.fasta,downloads/FungiDB-68_ScommuneH4-8_Genome.fasta,downloads/GCF_000143185.2_Schco3_genomic.fna,38670379,38670379,FungiDB-68_ScommuneH4-8_Genome_vs_GCF_000143185.2_Schco3_genomic_blast.xml,0,0,0,0,0,0,3,58381,38611168,0,1,75,751,0,0,FungiDB-68_ScommuneH4-8_Genome_vs_GCF_000143185_subject_array_1760114560.bin
88,36779,R3-111a-1,36779_R3-111a-1,0,https://ftp.ncbi.nlm.nih.gov/genomes/all/GCF/000/145/635/GCF_000145635.1_Gae_graminis_V2,http://FungiDB.org/common/downloads/Current_Release/GtriticiR3-111a-1/fasta/data/FungiDB-68_GtriticiR3-111a-1_Genome.fasta,downloads/FungiDB-68_GtriticiR3-111a-1_Genome.fasta,downloads/GCF_000145635.1_Gae_graminis_V2_genomic.fna,43768664,43768664,FungiDB-68_GtriticiR3-111a-1_Genome_vs_GCF_000145635.1_Gae_graminis_V2_genomic_blast.xml,0,0,15,5,0,0,25,2782261,40982577,0,20,411,3331,0,19,FungiDB-68_GtriticiR3-111a-1_Genome_vs_GCF_000145635_subject_array_1760114605.bin
90,109760,DAOM BR117,109760_DAOM_BR117,0,https://ftp.ncbi.nlm.nih.gov/genomes/all/GCF/000/182/565/GCF_000182565.1_S_punctatus_V1,http://FungiDB.org/common/downloads/Current_Release/SpunctatusDAOMBR117/fasta/data/FungiDB-68_SpunctatusDAOMBR117_Genome.fasta,downloads/FungiDB-68_SpunctatusDAOMBR117_Genome.fasta,downloads/GCF_000182565.1_S_punctatus_V1_genomic.fna,24131112,24131112,FungiDB-68_SpunctatusDAOMBR117_Genome_vs_GCF_000182565.1_S_punctatus_V1_genomic_blast.xml,0,0,0,1,0,0,4,223991,23906633,0,5,61,417,0,0,FungiDB-68_SpunctatusDAOMBR117_Genome_vs_GCF_000182565_subject_array_1760114630.bin
92,5507,Fo47,5507_Fo47,0,https://ftp.ncbi.nlm.nih.gov/genomes/all/GCF/013/085/055/GCF_013085055.1_ASM1308505v1,http://FungiDB.org/common/downloads/Current_Release/FoxysporumFo47/fasta/data/FungiDB-68_FoxysporumFo47_Genome.fasta,downloads/FungiDB-68_FoxysporumFo47_Genome.fasta,downloads/GCF_013085055.1_ASM1308505v1_genomic.fna,49664628,50358849,FungiDB-68_FoxysporumFo47_Genome_vs_GCF_013085055.1_ASM1308505v1_genomic_blast.xml,0,0,331,9,0,0,119,5575699,30607893,0,497,2028,14171936,0,337,FungiDB-68_FoxysporumFo47_Genome_vs_GCF_013085055_subject_array_1760114663.bin
93,5053,ATCC 16872,5053_ATCC_16872,0,https://ftp.ncbi.nlm.nih.gov/genomes/all/GCF/001/890/905/GCF_001890905.1_Aspac1,http://FungiDB.org/common/downloads/Current_Release/AaculeatusATCC16872/fasta/data/FungiDB-68_AaculeatusATCC16872_Genome.fasta,downloads/FungiDB-68_AaculeatusATCC16872_Genome.fasta,downloads/GCF_001890905.1_Aspac1_genomic.fna,35424414,35424414,FungiDB-68_AaculeatusATCC16872_Genome_vs_GCF_001890905.1_Aspac1_genomic_blast.xml,0,0,0,1,0,0,1,237878,35186341,0,6,26,159,0,2,FungiDB-68_AaculeatusATCC16872_Genome_vs_GCF_001890905_subject_array_1760114686.bin
95,80884,IMI 349063,80884_IMI_349063,0,https://ftp.ncbi.nlm.nih.gov/genomes/all/GCF/001/672/515/GCF_001672515.1_ASM167251v1,http://FungiDB.org/common/downloads/Current_Release/ChigginsianumIMI349063/fasta/data/FungiDB-68_ChigginsianumIMI349063_Genome.fasta,downloads/FungiDB-68_ChigginsianumIMI349063_Genome.fasta,downloads/GCF_001672515.1_ASM167251v1_genomic.fna,50716103,50716103,FungiDB-68_ChigginsianumIMI349063_Genome_vs_GCF_001672515.1_ASM167251v1_genomic_blast.xml,0,0,0,0,0,0,0,28222259,22426553,0,573,7908,58157,0,653,FungiDB-68_ChigginsianumIMI349063_Genome_vs_GCF_001672515_subject_array_1760114721.bin
97,319629,CBS 101740,319629_CBS_101740,0,https://ftp.ncbi.nlm.nih.gov/genomes/all/GCF/001/889/945/GCF_001889945.1_Aspbr1,http://FungiDB.org/common/downloads/Current_Release/AbrasiliensisCBS101740/fasta/data/FungiDB-68_AbrasiliensisCBS101740_Genome.fasta,downloads/FungiDB-68_AbrasiliensisCBS101740_Genome.fasta,downloads/GCF_001889945.1_Aspbr1_genomic.fna,35804080,35804080,FungiDB-68_AbrasiliensisCBS101740_Genome_vs_GCF_001889945.1_Aspbr1_genomic_blast.xml,0,0,0,1,0,0,0,152070,35651882,0,0,10,117,0,0,FungiDB-68_AbrasiliensisCBS101740_Genome_vs_GCF_001889945_subject_array_1760114742.bin
99,5970,NIH/UT8656,5970_NIH/UT8656,0,https://ftp.ncbi.nlm.nih.gov/genomes/all/GCF/000/230/625/GCF_000230625.1_Exop_derm_V1,http://FungiDB.org/common/downloads/Current_Release/EdermatitidisNIHUT8656/fasta/data/FungiDB-68_EdermatitidisNIHUT8656_Genome.fasta,downloads/FungiDB-68_EdermatitidisNIHUT8656_Genome.fasta,downloads/GCF_000230625.1_Exop_derm_V1_genomic.fna,26376767,26376767,FungiDB-68_EdermatitidisNIHUT8656_Genome_vs_GCF_000230625.1_Exop_derm_V1_genomic_blast.xml,0,0,0,0,0,0,0,0,26376767,0,0,0,0,0,0,FungiDB-68_EdermatitidisNIHUT8656_Genome_vs_GCF_000230625_subject_array_1760114759.bin
100,73501,CM01,73501_CM01,0,https://ftp.ncbi.nlm.nih.gov/genomes/all/GCF/000/225/605/GCF_000225605.1_CmilitarisCM01_v01,http://FungiDB.org/common/downloads/Current_Release/CmilitarisCM01/fasta/data/FungiDB-68_CmilitarisCM01_Genome.fasta,downloads/FungiDB-68_CmilitarisCM01_Genome.fasta,downloads/GCF_000225605.1_CmilitarisCM01_v01_genomic.fna,32268578,32268578,FungiDB-68_CmilitarisCM01_Genome_vs_GCF_000225605.1_CmilitarisCM01_v01_genomic_blast.xml,0,0,24,2,0,0,4,51581,32214499,0,10,351,2083,0,24,FungiDB-68_CmilitarisCM01_Genome_vs_GCF_000225605_subject_array_1760114791.bin
101,5599,SRC1lrK2f,5599_SRC1lrK2f,0,https://ftp.ncbi.nlm.nih.gov/genomes/all/GCF/001/642/055/GCF_001642055.1_Altal1,http://FungiDB.org/common/downloads/Current_Release/AalternataSRC1lrK2f/fasta/data/FungiDB-68_AalternataSRC1lrK2f_Genome.fasta,downloads/FungiDB-68_AalternataSRC1lrK2f_Genome.fasta,downloads/GCF_001642055.1_Altal1_genomic.fna,32990834,32990834,FungiDB-68_AalternataSRC1lrK2f_Genome_vs_GCF_001642055.1_Altal1_genomic_blast.xml,0,0,0,0,0,0,0,3894,32986940,0,0,0,0,0,0,FungiDB-68_AalternataSRC1lrK2f_Genome_vs_GCF_001642055_subject_array_1760114809.bin
102,1220188,NIH1004,1220188_NIH1004,0,https://ftp.ncbi.nlm.nih.gov/genomes/all/GCF/003/426/965/GCF_003426965.1_ASM342696v1,http://FungiDB.org/common/downloads/Current_Release/AtanneriNIH1004/fasta/data/FungiDB-68_AtanneriNIH1004_Genome.fasta,downloads/FungiDB-68_AtanneriNIH1004_Genome.fasta,downloads/GCF_003426965.1_ASM342696v1_genomic.fna,36538212,38719388,FungiDB-68_AtanneriNIH1004_Genome_vs_GCF_003426965.1_ASM342696v1_genomic_blast.xml,8,0,9215,1877,2,0,14724,360007,19544471,0,17050,139540,18622092,0,10402,FungiDB-68_AtanneriNIH1004_Genome_vs_GCF_003426965_subject_array_1760114844.bin
103,498019,B11220,498019_B11220,0,https://ftp.ncbi.nlm.nih.gov/genomes/all/GCF/003/013/715/GCF_003013715.1_ASM301371v2,http://FungiDB.org/common/downloads/Current_Release/CaurisB11220/fasta/data/FungiDB-68_CaurisB11220_Genome.fasta,downloads/FungiDB-68_CaurisB11220_Genome.fasta,downloads/GCF_003013715.1_ASM301371v2_genomic.fna,12249773,12249773,FungiDB-68_CaurisB11220_Genome_vs_GCF_003013715.1_ASM301371v2_genomic_blast.xml,0,0,0,0,0,0,0,0,12249773,0,0,0,0,0,0,FungiDB-68_CaurisB11220_Genome_vs_GCF_003013715_subject_array_1760114852.bin
104,1231522,B09383,1231522_B09383,7,https://ftp.ncbi.nlm.nih.gov/genomes/all/GCF/002/926/085/GCF_002926085.2_CanDuoHae_v1.0,http://FungiDB.org/common/downloads/Current_Release/CduobushaemulonisB09383/fasta/data/FungiDB-68_CduobushaemulonisB09383_Genome.fasta,downloads/FungiDB-68_CduobushaemulonisB09383_Genome.fasta,downloads/GCF_002926085.2_CanDuoHae_v1.0_genomic.fna,12580400,12580400,FungiDB-68_CduobushaemulonisB09383_Genome_vs_GCF_002926085.2_CanDuoHae_v1.0_genomic_blast.xml,0,0,0,0,0,0,0,0,12580392,0,8,0,0,0,0,FungiDB-68_CduobushaemulonisB09383_Genome_vs_GCF_002926085_subject_array_1760114859.bin
105,45357,B11899,45357_B11899,11,https://ftp.ncbi.nlm.nih.gov/genomes/all/GCF/002/926/055/GCF_002926055.2_CanHae_1.0,http://FungiDB.org/common/downloads/Current_Release/ChaemulonisB11899/fasta/data/FungiDB-68_ChaemulonisB11899_Genome.fasta,downloads/FungiDB-68_ChaemulonisB11899_Genome.fasta,downloads/GCF_002926055.2_CanHae_1.0_genomic.fna,13314323,13314323,FungiDB-68_ChaemulonisB11899_Genome_vs_GCF_002926055.2_CanHae_1.0_genomic_blast.xml,0,0,0,0,0,0,24,0,13314244,0,36,19,0,0,0,FungiDB-68_ChaemulonisB11899_Genome_vs_GCF_002926055_subject_array_1760114867.bin
106,273372,BP57,273372_BP57,0,https://ftp.ncbi.nlm.nih.gov/genomes/all/GCF/017/655/625/GCF_017655625.1_BP57,http://FungiDB.org/common/downloads/Current_Release/CmetapsilosisBP57/fasta/data/FungiDB-68_CmetapsilosisBP57_Genome.fasta,downloads/FungiDB-68_CmetapsilosisBP57_Genome.fasta,downloads/GCF_017655625.1_BP57_genomic.fna,13093275,13093275,FungiDB-68_CmetapsilosisBP57_Genome_vs_GCF_017655625.1_BP57_genomic_blast.xml,0,0,0,0,0,0,0,0,13093275,0,0,0,0,0,0,FungiDB-68_CmetapsilosisBP57_Genome_vs_GCF_017655625_subject_array_1760114876.bin
107,418784,B12108,418784_B12108,0,https://ftp.ncbi.nlm.nih.gov/genomes/all/GCF/003/013/735/GCF_003013735.1_Cand_pseudohaemulonii_B12108,http://FungiDB.org/common/downloads/Current_Release/CpseudohaemuloniiB12108/fasta/data/FungiDB-68_CpseudohaemuloniiB12108_Genome.fasta,downloads/FungiDB-68_CpseudohaemuloniiB12108_Genome.fasta,downloads/GCF_003013735.1_Cand_pseudohaemulonii_B12108_genomic.fna,12591275,12591275,FungiDB-68_CpseudohaemuloniiB12108_Genome_vs_GCF_003013735.1_Cand_pseudohaemulonii_B12108_genomic_blast.xml,0,0,0,0,0,0,0,545,12590729,0,0,1,0,0,0,FungiDB-68_CpseudohaemuloniiB12108_Genome_vs_GCF_003013735_subject_array_1760114884.bin
108,58627,CBS 789,58627_CBS_789,0,https://ftp.ncbi.nlm.nih.gov/genomes/all/GCF/001/447/935/GCF_001447935.2_debFab1.1,http://FungiDB.org/common/downloads/Current_Release/DfabryiCBS789/fasta/data/FungiDB-68_DfabryiCBS789_Genome.fasta,downloads/FungiDB-68_DfabryiCBS789_Genome.fasta,downloads/GCF_001447935.2_debFab1.1_genomic.fna,11697257,11697257,FungiDB-68_DfabryiCBS789_Genome_vs_GCF_001447935.2_debFab1.1_genomic_blast.xml,0,0,0,0,0,0,0,1,11697256,0,0,0,0,0,0,FungiDB-68_DfabryiCBS789_Genome_vs_GCF_001447935_subject_array_1760114891.bin
109,5481,CBS 613,5481_CBS_613,0,https://ftp.ncbi.nlm.nih.gov/genomes/all/GCF/008/704/595/GCF_008704595.1_ASM870459v1,http://FungiDB.org/common/downloads/Current_Release/DrugosaCBS613/fasta/data/FungiDB-68_DrugosaCBS613_Genome.fasta,downloads/FungiDB-68_DrugosaCBS613_Genome.fasta,downloads/GCF_008704595.1_ASM870459v1_genomic.fna,13445959,13445959,FungiDB-68_DrugosaCBS613_Genome_vs_GCF_008704595.1_ASM870459v1_genomic_blast.xml,0,0,0,1,0,0,5,11449,13434463,0,1,21,19,0,0,FungiDB-68_DrugosaCBS613_Genome_vs_GCF_008704595_subject_array_1760114900.bin
110,91928,CBS 89968,91928_CBS_89968,0,https://ftp.ncbi.nlm.nih.gov/genomes/all/GCF/000/836/115/GCF_000836115.1_Exop_spin_CBS89968_V1,http://FungiDB.org/common/downloads/Current_Release/EspiniferaCBS89968/fasta/data/FungiDB-68_EspiniferaCBS89968_Genome.fasta,downloads/FungiDB-68_EspiniferaCBS89968_Genome.fasta,downloads/GCF_000836115.1_Exop_spin_CBS89968_V1_genomic.fna,32912349,32912349,FungiDB-68_EspiniferaCBS89968_Genome_vs_GCF_000836115.1_Exop_spin_CBS89968_V1_genomic_blast.xml,0,0,1,0,0,0,0,38569,32873662,0,0,10,106,0,1,FungiDB-68_EspiniferaCBS89968_Genome_vs_GCF_000836115_subject_array_1760114920.bin
111,192010,MRC7560,192010_MRC7560,0,https://ftp.ncbi.nlm.nih.gov/genomes/all/GCF/900/044/065/GCF_900044065.1_Genome_assembly_version_1,http://FungiDB.org/common/downloads/Current_Release/FmangiferaeMRC7560/fasta/data/FungiDB-68_FmangiferaeMRC7560_Genome.fasta,downloads/FungiDB-68_FmangiferaeMRC7560_Genome.fasta,downloads/GCF_900044065.1_Genome_assembly_version_1_genomic.fna,46292722,46292722,FungiDB-68_FmangiferaeMRC7560_Genome_vs_GCF_900044065.1_Genome_assembly_version_1_genomic_blast.xml,0,0,0,1,0,0,2,1545282,44743120,0,26,485,3794,0,12,FungiDB-68_FmangiferaeMRC7560_Genome_vs_GCF_900044065_subject_array_1760114949.bin
112,77020,CBS 1879,77020_CBS_1879,0,https://ftp.ncbi.nlm.nih.gov/genomes/all/GCF/001/278/385/GCF_001278385.1_MalaPachy,http://FungiDB.org/common/downloads/Current_Release/MpachydermatisCBS1879/fasta/data/FungiDB-68_MpachydermatisCBS1879_Genome.fasta,downloads/FungiDB-68_MpachydermatisCBS1879_Genome.fasta,downloads/GCF_001278385.1_MalaPachy_genomic.fna,8150648,8150648,FungiDB-68_MpachydermatisCBS1879_Genome_vs_GCF_001278385.1_MalaPachy_genomic_blast.xml,0,0,0,0,0,0,1,553,8150091,0,1,2,0,0,0,FungiDB-68_MpachydermatisCBS1879_Genome_vs_GCF_001278385_subject_array_1760114955.bin
113,76775,KCTC 27527,76775_KCTC_27527,0,https://ftp.ncbi.nlm.nih.gov/genomes/all/GCF/003/290/485/GCF_003290485.1_ASM329048v1,http://FungiDB.org/common/downloads/Current_Release/MrestrictaKCTC27527/fasta/data/FungiDB-68_MrestrictaKCTC27527_Genome.fasta,downloads/FungiDB-68_MrestrictaKCTC27527_Genome.fasta,downloads/GCF_003290485.1_ASM329048v1_genomic.fna,7369627,7369627,FungiDB-68_MrestrictaKCTC27527_Genome_vs_GCF_003290485.1_ASM329048v1_genomic_blast.xml,0,0,0,0,0,0,0,0,7369627,0,0,0,0,0,0,FungiDB-68_MrestrictaKCTC27527_Genome_vs_GCF_003290485_subject_array_1760114960.bin
114,1664694,CBS 131958,1664694_CBS_131958,0,https://ftp.ncbi.nlm.nih.gov/genomes/all/GCF/001/299/255/GCF_001299255.1_ASM129925v1,http://FungiDB.org/common/downloads/Current_Release/PattinorumCBS131958/fasta/data/FungiDB-68_PattinorumCBS131958_Genome.fasta,downloads/FungiDB-68_PattinorumCBS131958_Genome.fasta,downloads/GCF_001299255.1_ASM129925v1_genomic.fna,30363635,30363635,FungiDB-68_PattinorumCBS131958_Genome_vs_GCF_001299255.1_ASM129925v1_genomic_blast.xml,0,0,0,0,0,0,1,0,30363624,0,4,6,0,0,0,FungiDB-68_PattinorumCBS131958_Genome_vs_GCF_001299255_subject_array_1760114976.bin
116,264951,CBS 101075,264951_CBS_101075,0,https://ftp.ncbi.nlm.nih.gov/genomes/all/GCF/004/022/145/GCF_004022145.1_Paevar1,http://FungiDB.org/common/downloads/Current_Release/PvariotiiCBS101075/fasta/data/FungiDB-68_PvariotiiCBS101075_Genome.fasta,downloads/FungiDB-68_PvariotiiCBS101075_Genome.fasta,downloads/GCF_004022145.1_Paevar1_genomic.fna,30105809,30105809,FungiDB-68_PvariotiiCBS101075_Genome_vs_GCF_004022145.1_Paevar1_genomic_blast.xml,0,0,0,0,0,0,6,0,30105789,0,6,8,0,0,0,FungiDB-68_PvariotiiCBS101075_Genome_vs_GCF_004022145_subject_array_1760114998.bin
117,563466,IHEM 14462,563466_IHEM_14462,176,https://ftp.ncbi.nlm.nih.gov/genomes/all/GCF/000/732/125/GCF_000732125.1_ScApio1.0,http://FungiDB.org/common/downloads/Current_Release/SapiospermumIHEM14462/fasta/data/FungiDB-68_SapiospermumIHEM14462_Genome.fasta,downloads/FungiDB-68_SapiospermumIHEM14462_Genome.fasta,downloads/GCF_000732125.1_ScApio1.0_genomic.fna,43437139,43437139,FungiDB-68_SapiospermumIHEM14462_Genome_vs_GCF_000732125.1_ScApio1.0_genomic_blast.xml,0,0,15,0,0,0,4,232253,43202262,0,5,424,2152,0,24,FungiDB-68_SapiospermumIHEM14462_Genome_vs_GCF_000732125_subject_array_1760115025.bin
118,27291,CBS432,27291_CBS432,0,https://ftp.ncbi.nlm.nih.gov/genomes/all/GCF/002/079/055/GCF_002079055.1_ASM207905v1,http://FungiDB.org/common/downloads/Current_Release/SparadoxusCBS432/fasta/data/FungiDB-68_SparadoxusCBS432_Genome.fasta,downloads/FungiDB-68_SparadoxusCBS432_Genome.fasta,downloads/GCF_002079055.1_ASM207905v1_genomic.fna,12092810,12092683,FungiDB-68_SparadoxusCBS432_Genome_vs_GCF_002079055.1_ASM207905v1_genomic_blast.xml,0,0,0,0,0,0,0,17357,12075325,0,0,1,0,0,0,FungiDB-68_SparadoxusCBS432_Genome_vs_GCF_002079055_subject_array_1760115040.bin
