genome_id,name,refseq_acc,bv_assembly_accession,subject_length,bv_len,sim,same_assembly,bv_genome_status,category
135577.1,,GCF_024584785.1,,2900277,,0.0642111081113976,False,,no current BV-BRC record
2749086.3,Hyphobacterium sp. CCMP332,GCF_014323565.1,GCA_014323545.1,2690927,3325929.0,0.0006990156180379,False,Complete,valid genome - discrepancy surfaced by CDGC
2909587.5,Microbacterium sp. KUDC0405,GCF_021582895.2,GCA_021582895.2,3568380,3610832.0,0.2332254412366396,True,Complete,valid genome - discrepancy surfaced by CDGC
3075824.3,Streptomyces sp. AM2-3-1,GCF_032229305.1,,9114769,8473713.0,0.3527205132680817,False,Deprecated,flagged (deprecated)
3075825.3,Streptomyces sp. AM8-1-1,GCF_032229325.1,,8473713,9114769.0,0.3758824496416152,False,Deprecated,flagged (deprecated)
680198.5,Streptomyces scabiei 87.22,GCF_000091305.1,GCA_000091305.1,10148695,10148695.0,0.1845161372964701,True,Complete,valid genome - discrepancy surfaced by CDGC
1352.15661,Enterococcus faecium K189-3,GCF_028335605.1,GCA_028335605.1,2835173,2835173.0,0.0981894226560425,True,Complete,valid genome - discrepancy surfaced by CDGC
1352.15662,Enterococcus faecium K75-1,GCF_028335565.1,GCA_028335565.1,2837343,2837343.0,0.0984928505295271,True,Complete,valid genome - discrepancy surfaced by CDGC
1612.66,Companilactobacillus farciminis K68-8,GCF_028335385.1,GCA_028335385.1,2521260,2521260.0,0.0007194815290767,True,Complete,valid genome - discrepancy surfaced by CDGC
2592382.3,Bacillus sp. M4U3P1,GCF_006965545.2,GCA_006965545.1,4040495,4194453.0,0.0356691444983844,True,Deprecated,flagged (deprecated)
440524.196,"Salmonella enterica subsp. enterica serovar 4,[5],12:i:- LSP 207/07",GCF_028561885.1,GCA_028561885.1,4955281,4955281.0,0.0429101800684966,True,WGS,valid genome - discrepancy surfaced by CDGC
470.19919,Acinetobacter baumannii 2022CK-00340,GCF_023615745.1,GCA_023615745.2,4048078,4048078.0,0.0048976329013423,True,Complete,valid genome - discrepancy surfaced by CDGC
582.853,Morganella morganii RB10,GCF_038069795.1,,3883272,3883272.0,0.002766223947228,False,WGS,valid genome - discrepancy surfaced by CDGC
645.521,Aeromonas salmonicida AS1,GCF_028356375.1,GCA_028356375.1,4787431,4787431.0,0.0607898056389742,True,Complete,valid genome - discrepancy surfaced by CDGC
67574.7,Microbacterium keratanolyticum VKM Ac-1958,GCF_027921965.1,GCA_027921965.1,3061327,3061327.0,0.3900801841815657,True,WGS,valid genome - discrepancy surfaced by CDGC
81947.3,,GCF_028335285.1,,2107164,,0.0159432298577614,False,,no current BV-BRC record
1351.7933,Enterococcus faecalis SVR2085,GCF_028116745.1,GCA_028116745.1,3600715,3600715.0,0.0314129277101908,True,Complete,valid genome - discrepancy surfaced by CDGC
1352.15658,Enterococcus faecium K162-1,GCF_028335525.1,GCA_028335525.1,2862866,2862866.0,0.0160066870052597,True,Complete,valid genome - discrepancy surfaced by CDGC
159.35,,GCF_027585665.1,,3123502,,0.3747668482363706,False,,no current BV-BRC record
1590.3439,Lactiplantibacillus plantarum ZW59,GCF_027920405.1,GCA_027920405.1,3212787,3212787.0,0.0567538402016691,True,Complete,valid genome - discrepancy surfaced by CDGC
28450.2592,Burkholderia pseudomallei 17MB032174,GCF_027856915.2,GCA_027856915.2,7075615,7075615.0,0.4548647714721618,True,WGS,valid genome - discrepancy surfaced by CDGC
28450.2587,Burkholderia pseudomallei 19MB054434,GCF_027856845.2,GCA_027856845.2,7075601,7075601.0,0.4548831964945451,True,WGS,valid genome - discrepancy surfaced by CDGC
28450.2563,Burkholderia pseudomallei 22MB037893,GCF_027853995.2,GCA_027853995.2,7075424,7075424.0,0.4548612210377781,True,WGS,valid genome - discrepancy surfaced by CDGC
28450.2575,Burkholderia pseudomallei 22MB253551,GCF_027856535.2,GCA_027856535.2,7052457,7062547.0,0.4529568914776793,True,WGS,valid genome - discrepancy surfaced by CDGC
28450.257,Burkholderia pseudomallei strain 59,GCF_027856445.2,GCF_001320365.1,7075674,7088201.0,0.4547997830312702,False,WGS,valid genome - discrepancy surfaced by CDGC
287.28405,Pseudomonas aeruginosa PaLo47,GCF_027855945.1,GCA_027855945.1,6286589,6286589.0,0.4711007829524087,True,WGS,valid genome - discrepancy surfaced by CDGC
2929573.3,Lactobacillaceae bacterium WR16-4,GCF_027923585.1,GCA_027923585.1,1672155,1672155.0,0.0130861074481731,True,WGS,valid genome - discrepancy surfaced by CDGC
2940490.3,Acidovorax sp. NCPPB 4044,GCF_028069655.1,GCA_028069655.1,5319379,5319379.0,0.0106354519954302,True,WGS,valid genome - discrepancy surfaced by CDGC
485.18198,Neisseria gonorrhoeae SE690.,GCF_028483175.2,GCA_028483175.2,2219571,2218634.0,0.0203994375489677,True,Complete,valid genome - discrepancy surfaced by CDGC
562.12194,,GCF_027944575.1,,5629596,,0.0390733189379841,False,,no current BV-BRC record
562.121727,Escherichia coli NR3568,GCF_027584315.1,GCA_027584315.1,5061882,5061882.0,0.0629451654542717,True,WGS,valid genome - discrepancy surfaced by CDGC
562.122058,Escherichia coli SWL,GCF_028210175.1,GCA_028210175.1,5064331,5064331.0,0.045108820888682,True,WGS,valid genome - discrepancy surfaced by CDGC
563996.7,Sphingomonas hankookensis SZ.B2R2,GCF_028551275.1,GCA_028551275.1,3947172,3947172.0,0.1129672079149325,True,Complete,valid genome - discrepancy surfaced by CDGC
573.53583,Klebsiella pneumoniae CRKP_27,GCF_028221065.1,GCA_028221065.1,5622656,5622656.0,0.0381387372800327,True,Complete,valid genome - discrepancy surfaced by CDGC
573.53475,Klebsiella pneumoniae KP0247,GCF_027584575.1,GCA_027584575.1,5487050,5487050.0,0.0381563864007071,True,WGS,valid genome - discrepancy surfaced by CDGC
584.2441,Proteus mirabilis 279-2f,GCF_028463225.1,GCA_028463225.1,3957638,3957638.0,0.0264966123733398,True,WGS,valid genome - discrepancy surfaced by CDGC
670.6487,Vibrio parahaemolyticus Vp2015094,GCF_028472865.1,GCA_028472865.1,5390123,5390123.0,0.3903460088016544,True,Complete,valid genome - discrepancy surfaced by CDGC
72407.2049,Klebsiella pneumoniae subsp. pneumoniae DD01665,GCF_027594945.1,GCA_027594945.1,5793401,5793401.0,0.061514471378729,True,Complete,valid genome - discrepancy surfaced by CDGC
72407.205,Klebsiella pneumoniae subsp. pneumoniae 1806,GCF_027594925.1,,5927907,5585317.0,0.0743640208930403,False,WGS,valid genome - discrepancy surfaced by CDGC
72407.2047,Klebsiella pneumoniae subsp. pneumoniae DD02357,GCF_027594905.1,GCA_027594905.1,5807054,5807054.0,0.0634383630667116,True,Complete,valid genome - discrepancy surfaced by CDGC
72407.2048,Klebsiella pneumoniae subsp. pneumoniae H39,GCF_027594885.1,GCA_027594885.1,5804876,5804876.0,0.0652222373053274,True,Complete,valid genome - discrepancy surfaced by CDGC
158836.2091,Enterobacter hormaechei NR0852,GCF_027584755.1,GCA_027584755.1,5416871,5416871.0,0.0165440528304993,True,WGS,valid genome - discrepancy surfaced by CDGC
2364647.34,Kalamiella piersonii URMC-2103A041,GCF_027920325.1,GCA_027920325.1,4990348,4990348.0,0.1081652021061457,True,Complete,valid genome - discrepancy surfaced by CDGC
2382163.8,Streptococcus koreensis AF07-19,GCF_027687665.1,GCA_027687665.1,2006976,2006976.0,0.1733189634554673,True,WGS,valid genome - discrepancy surfaced by CDGC
28450.2595,Burkholderia pseudomallei 16MB038851,GCF_027856965.2,GCA_027856965.2,7071205,7071205.0,0.4544926925467442,True,WGS,valid genome - discrepancy surfaced by CDGC
3017781.3,Paracoccus sp. SCSIO 75817,GCF_027913215.1,GCA_027913215.1,3558095,3558095.0,0.0134524232770625,True,Complete,valid genome - discrepancy surfaced by CDGC
3017784.3,Paracoccus sp. SCSIO 80058,GCF_027913035.1,GCA_027913035.1,3761358,3761358.0,0.0680339388061439,True,Complete,valid genome - discrepancy surfaced by CDGC
34002.14,Paracoccus alcaliphilus TK 1015 = DSM 8512,GCF_028553725.1,GCA_028553725.1,4772712,4772712.0,0.221386289388507,True,Complete,valid genome - discrepancy surfaced by CDGC
562.121967,Escherichia coli 7.1994/NIST0056,GCF_027947615.1,GCA_027947615.1,5169085,5169085.0,0.0772115374384441,True,Complete,valid genome - discrepancy surfaced by CDGC
562.12195,,GCF_027944935.1,,5035597,,0.0335106244602179,False,,no current BV-BRC record
573.53611,Klebsiella pneumoniae CRKP_1,GCF_028226565.1,GCA_028226565.1,5838431,5838431.0,0.0734404500113129,True,Complete,valid genome - discrepancy surfaced by CDGC
573.53592,Klebsiella pneumoniae CRKP_21,GCF_028221515.1,GCA_028221515.1,5895132,5895132.0,0.0537814929334915,True,Complete,valid genome - discrepancy surfaced by CDGC
573.53591,Klebsiella pneumoniae CRKP_22,GCF_028221225.1,GCA_028221225.1,5774168,5774168.0,0.0740562103492659,True,Complete,valid genome - discrepancy surfaced by CDGC
573.53635,Klebsiella pneumoniae PEKP3087,GCF_028527425.1,GCA_028527425.1,5845596,5845596.0,0.1031489346851886,True,WGS,valid genome - discrepancy surfaced by CDGC
573.5363,,GCF_028527315.1,,5759226,,0.0881727857180808,False,,no current BV-BRC record
573.53502,Klebsiella pneumoniae S37_CRE38,GCF_027595745.1,GCA_027595745.1,5640356,5640356.0,0.0350321859116694,True,Complete,valid genome - discrepancy surfaced by CDGC
1134687.752,Klebsiella michiganensis 2563,GCF_027945215.1,GCA_027945215.1,6720861,6720861.0,0.1152812117376032,True,Complete,valid genome - discrepancy surfaced by CDGC
1590.3453,Lactiplantibacillus plantarum MWLp-12,GCF_028463965.1,GCA_028463965.1,3274303,3274303.0,0.0540066084293359,True,Complete,valid genome - discrepancy surfaced by CDGC
1681.1208,Bifidobacterium bifidum 1025st1_E4_1025SCRN_200924,GCF_028201935.1,GCA_028201935.1,2162904,2162904.0,0.0758665201969204,True,WGS,valid genome - discrepancy surfaced by CDGC
37734.283,Enterococcus casseliflavus CQFYY22-063,GCF_027944555.1,GCA_027944555.1,3512545,3512545.0,0.0470080810352607,True,Complete,valid genome - discrepancy surfaced by CDGC
47716.206,Streptomyces olivaceus DC10-5,GCF_027925645.1,GCA_027925645.1,8657427,8657427.0,0.4597491841398143,True,WGS,valid genome - discrepancy surfaced by CDGC
562.122255,Escherichia coli CUVM3,GCF_028551195.1,GCA_028551195.1,5407506,5407506.0,0.0777781846196749,True,Complete,valid genome - discrepancy surfaced by CDGC
562.121945,Escherichia coli DETEC-S565,GCF_027944655.1,GCA_027944655.1,5203101,5203101.0,0.0570159987284505,True,Complete,valid genome - discrepancy surfaced by CDGC
573.53487,Klebsiella pneumoniae KP0177,GCF_027584985.1,GCA_027584985.1,5692516,5692516.0,0.0693220712950126,True,WGS,valid genome - discrepancy surfaced by CDGC
573.53485,Klebsiella pneumoniae NR0694,GCF_027584835.1,GCA_027584835.1,5722891,5722891.0,0.0569123193155347,True,WGS,valid genome - discrepancy surfaced by CDGC
584.2451,Proteus mirabilis 258-1e,GCF_028463455.1,GCA_028463455.1,3956730,3956730.0,0.170395250623621,True,WGS,valid genome - discrepancy surfaced by CDGC
1134687.747,Klebsiella michiganensis 2022CK-00496,GCF_027577885.1,GCA_027577885.1,6367456,6367456.0,0.0683492748124211,True,Complete,valid genome - discrepancy surfaced by CDGC
1444.17,Bacillus thuringiensis serovar tenebrionis NB-176,GCF_027627765.1,GCA_027627765.1,6090597,6090597.0,0.1233432453337497,True,Complete,valid genome - discrepancy surfaced by CDGC
158836.2097,Enterobacter hormaechei 2020CK-00203,GCF_027886505.1,GCA_027886505.1,5139865,5139865.0,0.0782506933547865,True,Complete,valid genome - discrepancy surfaced by CDGC
287.28402,Pseudomonas aeruginosa PaLo500,GCF_027855815.1,GCA_027855815.1,6796517,6796517.0,0.4660821123525476,True,WGS,valid genome - discrepancy surfaced by CDGC
546.1622,Citrobacter freundii 2022CK-00369,GCF_023756145.1,GCA_023756145.2,5818666,5818666.0,0.1466504521826824,True,Complete,valid genome - discrepancy surfaced by CDGC
573.53575,Klebsiella pneumoniae CRKP_36,GCF_028220175.1,GCA_028220175.1,5985371,5985371.0,0.0982781184324246,True,Complete,valid genome - discrepancy surfaced by CDGC
573.53468,Klebsiella pneumoniae NR2074,GCF_027584415.1,GCA_027584415.1,5724953,5724953.0,0.0678150545515395,True,WGS,valid genome - discrepancy surfaced by CDGC
159.413,Brachyspira hyodysenteriae Bhyo_204,GCF_027586855.1,GCA_027586855.1,3122276,3122276.0,0.4925336517335431,True,WGS,valid genome - discrepancy surfaced by CDGC
573.53579,Klebsiella pneumoniae CRKP_41,GCF_028219935.1,GCA_028219935.1,6045520,6045520.0,0.1025761224840873,True,Complete,valid genome - discrepancy surfaced by CDGC
28026.1541,Bifidobacterium pseudocatenulatum BSD2780061689st1_E11_BSD2780061689_150309,GCF_028311605.1,GCA_028311605.1,2228306,2228306.0,0.2398880584623476,True,WGS,valid genome - discrepancy surfaced by CDGC
287.28396,Pseudomonas aeruginosa PaLo514,GCF_027855735.1,GCA_027855735.1,6667402,6667402.0,0.4186015782459195,True,WGS,valid genome - discrepancy surfaced by CDGC
2929500.4,Muricauda sp. SP22,GCF_028464265.1,GCA_028464265.1,3705613,3705613.0,0.1325343472186653,True,WGS,valid genome - discrepancy surfaced by CDGC
573.5364,,GCF_028554825.1,,6023682,,0.0755715524159475,False,,no current BV-BRC record
881268.6,Herbiconiux flava VKM Ac-2058,GCF_027922025.1,GCA_027922025.1,3840319,3840319.0,0.0028666889391219,True,WGS,valid genome - discrepancy surfaced by CDGC
1280.45023,Staphylococcus aureus BZ-26,GCF_027944125.1,GCA_027944125.1,2673942,2673942.0,0.4592579046217158,True,WGS,valid genome - discrepancy surfaced by CDGC
1681.1234,Bifidobacterium bifidum F3_hBSD2780061687b_210117,GCF_028202435.1,GCA_028202435.1,2166341,2166341.0,0.4056752838080431,True,WGS,valid genome - discrepancy surfaced by CDGC
28025.271,Bifidobacterium animalis AM04S-57,GCF_027662985.1,GCA_027662985.1,2000609,2000609.0,0.3900627258999634,True,WGS,valid genome - discrepancy surfaced by CDGC
287.28411,Pseudomonas aeruginosa PaLo23,GCF_027856055.1,GCA_027856055.1,7267925,7267925.0,0.4411717237038082,True,WGS,valid genome - discrepancy surfaced by CDGC
573.53481,Klebsiella pneumoniae NR5466,GCF_027584645.1,GCA_027584645.1,5830809,5830809.0,0.09774715652665,True,WGS,valid genome - discrepancy surfaced by CDGC
565034.12,Brachyspira hyodysenteriae WA1 strain WA1; ATCC 49526,GCF_000022105.1,GCA_000022105.1,3036634,35940.0,0.0118354730929048,True,Plasmid,plasmid (retrieval convention)
565040.11,Bifidobacterium longum subsp. infantis 157F,GCF_000196575.1,GCA_000196575.1,2408831,4895.0,0.0021296637248524,True,Plasmid,plasmid (retrieval convention)
573.15863,Klebsiella pneumoniae strain ATCC BAA-2146,GCF_000364385.3,GCA_000364385.3,5781501,140825.0,0.0282784695531489,True,Plasmid,plasmid (retrieval convention)
573.16196,Klebsiella pneumoniae strain DHQP1605752_NV,GCF_002211905.1,GCA_002211905.1,5816577,187721.0,0.0360168875955738,True,Plasmid,plasmid (retrieval convention)
573.16365,Klebsiella pneumoniae strain Kp52.145,GCF_000968155.1,GCA_000968155.1,5655684,121703.0,0.0279004272515932,True,Plasmid,plasmid (retrieval convention)
573065.19,Asticcacaulis excentricus CB 48 strain CS 48,GCF_000175215.2,GCA_000175215.2,4308776,244260.0,0.0587429005360223,True,Plasmid,plasmid (retrieval convention)
57743.174,Salmonella enterica subsp. enterica serovar Weltevreden strain 2511STDY5462388,GCF_001409135.1,GCA_001409135.1,5161692,98756.0,0.0251400122285483,True,Plasmid,plasmid (retrieval convention)
57743.175,Salmonella enterica subsp. enterica serovar Weltevreden strain 2511STDY5462413,GCF_001409195.1,GCA_001409195.1,5228621,98776.0,0.0243077476833757,True,Plasmid,plasmid (retrieval convention)
57743.178,Salmonella enterica subsp. enterica serovar Weltevreden strain 2511STDY5712384,GCF_001409155.1,GCA_001409155.1,4957530,82119.0,0.0223756588462399,True,Plasmid,plasmid (retrieval convention)
57743.176,Salmonella enterica subsp. enterica serovar Weltevreden strain 2511STDY5712385,GCF_001409175.1,GCA_001409175.1,5099111,84987.0,0.0166670229379199,True,Plasmid,plasmid (retrieval convention)
58121.5,Planotetraspora mira JCM 9131,GCF_042675365.1,,9094250,29158.0,0.0009756714407455,False,WGS,valid genome - discrepancy surfaced by CDGC
585054.21,Escherichia fergusonii ATCC 35469 strain type strain: ATCC 35469 strain ATCC 35469T,GCF_000026225.1,GCA_000026225.1,4643861,55150.0,0.0132206799471388,True,Plasmid,plasmid (retrieval convention)
588.36,Providencia stuartii strain ATCC 33672,GCF_000754345.1,GCA_000754345.1,4334817,48866.0,0.0112729095599652,True,Plasmid,plasmid (retrieval convention)
592010.4,Abiotrophia defectiva ATCC 49176,GCF_037041345.1,GCA_000160075.2,2045142,3479204.0,0.0069711540812325,False,WGS,valid genome - discrepancy surfaced by CDGC
592021.3,,GCF_000022865.1,,5503926,,0.0333903471812666,False,,no current BV-BRC record
592026.3,Catonella morbi ATCC 51271,GCF_000160035.2,GCA_000160035.2,3479204,2043439.0,0.0027279228237263,True,WGS,valid genome - discrepancy surfaced by CDGC
592027.6,Clostridium botulinum D str. 1873,GCF_000175395.3,GCA_000175395.2,2399201,107690.0,0.0521098482369755,True,Plasmid,plasmid (retrieval convention)
595495.29,Escherichia coli KO11FL,GCF_000258025.1,GCA_000258025.1,5027172,5360.0,0.0010662058111399,True,Plasmid,plasmid (retrieval convention)
615.2579,Serratia marcescens K700,GCF_028485935.1,GCA_028485935.1,5088434,5088434.0,0.4927291972343554,True,WGS,valid genome - discrepancy surfaced by CDGC
624.441,Shigella sonnei strain 144371,GCF_001256795.1,GCA_001256795.1,4759497,630197.0,0.1490684834973107,True,WGS,valid genome - discrepancy surfaced by CDGC
624.385,Shigella sonnei strain 144374,GCF_001255495.1,GCA_001255495.1,4764613,306668.0,0.0747315679153794,True,WGS,valid genome - discrepancy surfaced by CDGC
626935.49,Collinsella tanakaei AF21-11LB,GCF_027684525.1,GCA_027684525.1,2494567,2494567.0,0.4606434703898512,True,WGS,valid genome - discrepancy surfaced by CDGC
634500.12,Erwinia billingiae Eb661,GCF_000196615.1,GCA_000196615.1,5372268,169778.0,0.0327375700542117,True,Plasmid,plasmid (retrieval convention)
63737.33,Nostoc punctiforme PCC 73102 strain ATCC 29133; PCC 73102,GCF_000020025.1,GCA_000020025.1,9059191,354564.0,0.054931836628679,True,Plasmid,plasmid (retrieval convention)
637913.5,Helicobacter pylori v225d,GCF_000093185.1,GCA_000093185.1,1595604,7326.0,0.0045913647747185,True,Plasmid,plasmid (retrieval convention)
653045.19,Streptomyces violaceusniger Tu 4113,GCF_000147815.2,GCA_000147815.3,11138313,290055.0,0.0309779407348312,True,Plasmid,plasmid (retrieval convention)
663951.76,Staphylococcus aureus subsp. aureus TW20,GCF_000027045.1,GCA_000027045.1,3075806,29585.0,0.014965508227762,True,Plasmid,plasmid (retrieval convention)
665029.13,Erwinia amylovora CFBP1430 strain CFPB1430,GCF_000091565.1,GCA_000091565.1,3833832,28259.0,0.0073709541784825,True,Plasmid,plasmid (retrieval convention)
667015.7,Bacteroides salanitronis DSM 18170,GCF_000190575.1,GCA_000190575.1,4308663,40303.0,0.0093539457599724,True,Plasmid,plasmid (retrieval convention)
67258.3,Streptomyces cavourensis strain YBQ59,GCF_030027225.1,GCA_003260065.1,8126002,10232294.0,0.4536223348209858,False,WGS,valid genome - discrepancy surfaced by CDGC
682634.13,Serratia plymuthica 4Rx13,GCF_000176835.2,GCA_000176835.2,5403731,75721.0,0.0140258647219856,True,Plasmid,plasmid (retrieval convention)
695562.17,Lactobacillus amylovorus GRL1118,GCF_000194115.1,GCA_000194115.1,1977087,78145.0,0.0457041091262043,True,Plasmid,plasmid (retrieval convention)
69967.3,Macrococcus equipercicus strain ATCC 51831,GCF_004359525.2,GCA_004359525.1,2116155,2195586.0,0.2774862899929353,True,WGS,valid genome - discrepancy surfaced by CDGC
702113.18,Novosphingobium sp. PP1Y,GCF_000253255.1,GCA_000253255.1,5313905,1161602.0,0.2235079475451668,True,Plasmid,plasmid (retrieval convention)
70258.7,Staphylococcus piscifermentans strain DSM 7373,GCF_003970555.1,GCA_003970515.1,2633558,2711458.0,0.1422247013356075,False,WGS,valid genome - discrepancy surfaced by CDGC
714.651,Aggregatibacter actinomycetemcomitans strain SL7465,GCF_017160745.1,GCA_017160745.1,2337260,2337260.0,0.0505129938474966,True,WGS,valid genome - discrepancy surfaced by CDGC
714313.9,Lactobacillus sanfranciscensis TMW 1.1304,GCF_000225325.1,GCA_000225325.1,1375770,58739.0,0.0559424903872013,True,Plasmid,plasmid (retrieval convention)
745277.9,Rahnella aquatilis CIP 78.65 = ATCC 33071,GCF_000241955.1,GCA_000241955.1,5448900,463906.0,0.0892088311402301,True,Plasmid,plasmid (retrieval convention)
74707.3,Staphylococcus schleiferi subsp. schleiferi strain NCTC 12218,GCF_003968865.1,GCA_003968855.1,2473007,2896454.0,0.0888210182987755,False,WGS,valid genome - discrepancy surfaced by CDGC
76114.25,Aromatoleum aromaticum EbN1,GCF_000025965.1,GCA_000025965.1,4727255,223670.0,0.0697260883959084,True,Plasmid,plasmid (retrieval convention)
762051.24,Leuconostoc kimchii IMSNU 11154,GCF_000092505.1,GCA_000092505.1,2101787,29616.0,0.0180484511513297,True,Plasmid,plasmid (retrieval convention)
76860.45,Streptococcus constellatus AM109-96,GCF_027723325.1,GCA_027723325.1,1821433,1821433.0,0.460993075232523,True,WGS,valid genome - discrepancy surfaced by CDGC
83334.235,Escherichia coli O157:H7 strain JEONG-1266,GCF_001558995.2,GCA_001558995.2,5574593,95910.0,0.0257904029944428,True,Plasmid,plasmid (retrieval convention)
861360.22,Glutamicibacter arilaitensis Re117,GCF_000197735.1,GCA_000197735.1,3918192,50407.0,0.0253611869964514,True,Plasmid,plasmid (retrieval convention)
86667.3,Jeotgalibacillus marinus strain DSM 1297,GCF_040801915.1,GCF_001274925.1,3521308,4099760.0,0.0187558146007108,False,WGS,valid genome - discrepancy surfaced by CDGC
866895.14,Halobacillus halophilus DSM 2266 strain type strain: DSM 2266,GCF_000284515.1,GCA_000284515.1,4170008,16047.0,0.0038481940562224,True,Plasmid,plasmid (retrieval convention)
87626.5,Pseudoalteromonas tunicata D2,GCF_000153245.1,GCA_000153245.1,4994813,1476189.0,0.3108334586299827,True,WGS,valid genome - discrepancy surfaced by CDGC
90105.129,Salmonella enterica subsp. enterica serovar Saintpaul strain SA20031783,GCF_002234735.2,GCA_002234735.1,4906886,131583.0,0.0268159887961529,True,Plasmid,plasmid (retrieval convention)
907237.6,Helicobacter pylori Lithuania75,GCF_000185225.1,GCA_000185225.1,1640673,16029.0,0.0101238942799692,True,Plasmid,plasmid (retrieval convention)
909946.25,Salmonella enterica subsp. enterica serovar Typhimurium str. ST4/74,GCF_000188735.1,GCA_000188735.1,5067451,93842.0,0.0189696950202379,True,Plasmid,plasmid (retrieval convention)
91891.5,,GCF_000306865.1,,3617686,,0.0446813239181067,False,,no current BV-BRC record
925775.6,Xanthomonas vesicatoria ATCC 35937 strain LMG911,GCF_001908725.1,GCA_001908725.1,5349905,192558.0,0.0390962082504268,True,Plasmid,plasmid (retrieval convention)
93060.21,Prochlorococcus marinus str. MIT 9215,GCF_000018065.1,GCA_949486985.1,1738790,1869531.0,0.0061191978329758,False,WGS,valid genome - discrepancy surfaced by CDGC
977880.27,Cupriavidus taiwanensis LMG 19424 strain LMG19424,GCF_000069785.1,GCA_000069785.1,6476522,557200.0,0.0889624091449083,True,Plasmid,plasmid (retrieval convention)
999552.18,Leisingera methylohalidivorans DSM 14336 strain DSM 14336; MB2,GCF_000511355.1,GCA_000511355.1,4650996,285395.0,0.0657153865537618,True,Plasmid,plasmid (retrieval convention)
372461.25,Buchnera aphidicola BCc,GCF_000090965.1,GCA_000090965.1,422434,6054.0,0.0143312328079652,True,Plasmid,plasmid (retrieval convention)
37329.11,Nocardia farcinica strain NCTC11134,GCF_001182745.1,GCA_001182745.2,6459780,2657929.0,0.4303519624507336,True,Plasmid,plasmid (retrieval convention)
375451.4,,GCF_000014045.1,,4331234,,0.0245816781083635,False,,no current BV-BRC record
382640.9,Bartonella tribocorum CIP 105476 strain type strain:506 = CIP105476 strain type strain:506 = CIP 105476,GCF_000196435.1,GCA_000196435.1,2642404,23343.0,0.0416666035927889,True,Plasmid,plasmid (retrieval convention)
387.131,Rhizobium leguminosarum bv. viciae strain BIHB 1217,GCF_002243365.1,GCA_002243365.1,7952546,1169137.0,0.1557946348251239,True,Plasmid,plasmid (retrieval convention)
391619.37,Phaeobacter inhibens DSM 17395,GCF_000154765.2,GCA_000154765.2,4227134,261820.0,0.0681636778015553,True,Plasmid,plasmid (retrieval convention)
395930.4,Devosia subaequoris strain HST3-14,GCF_024158985.1,GCF_000971285.1,3771230,4147678.0,0.2890879103104292,False,WGS,valid genome - discrepancy surfaced by CDGC
39691.9,Mycolicibacterium moriokaense strain DSM 44221,GCF_025822185.1,GCA_003347205.1,6199988,7123288.0,0.3887023652303843,False,WGS,valid genome - discrepancy surfaced by CDGC
398053.6,Mucilaginibacter ginsenosidivorans JCM 17081,GCF_042429345.1,,5331679,3884661.0,9.73426944870462e-05,False,WGS,valid genome - discrepancy surfaced by CDGC
413503.3,,GCF_000504545.1,,4559945,,0.0278821345432894,False,,no current BV-BRC record
413999.26,Clostridium botulinum A str. ATCC 3502,GCF_000063585.1,GCA_000063585.1,3903260,16344.0,0.0041872691032624,True,Plasmid,plasmid (retrieval convention)
443218.13,Hoyosella subflava DQS3-9A1,GCF_000214175.1,GCA_000214175.1,4863490,106784.0,0.0226072223855708,True,Plasmid,plasmid (retrieval convention)
445983.54,Borreliella burgdorferi 156a,GCF_000181555.2,,1469834,53885.0,0.0376471084489813,False,Plasmid,plasmid (retrieval convention)
445985.45,Borreliella burgdorferi ZS7,GCF_000021405.1,GCA_000021405.1,1345494,53615.0,0.0404334764777843,True,Plasmid,plasmid (retrieval convention)
445986.33,Borreliella afzelii ACA-1,GCF_000170935.2,,1353819,60749.0,0.0538631825967873,False,Plasmid,plasmid (retrieval convention)
450394.9,Staphylococcus aureus subsp. aureus USA300_TCH959,GCF_000153665.1,GCA_000153665.1,2845480,20413.0,0.0111622643631302,True,Plasmid,plasmid (retrieval convention)
451756.7,Clostridium perfringens CPE str. F4969,GCF_000171195.1,,3510272,70480.0,0.0194164440818261,False,Plasmid,plasmid (retrieval convention)
456481.32,Leptospira biflexa serovar Patoc strain 'Patoc 1 (Paris)' strain Patoc 1 (Paris) strain Patoc 1 (Paris) strain Patoc 1 (Paris),GCF_000017685.1,GCA_000017685.1,3951448,74116.0,0.0209462455282215,True,Plasmid,plasmid (retrieval convention)
457400.3,Escherichia sp. 1_1_43,GCF_000159895.2,GCA_000159895.2,4836424,2235585.0,0.4575920142650851,True,WGS,valid genome - discrepancy surfaced by CDGC
45972.57,Staphylococcus pasteuri strain DSM 10656,GCF_003970495.1,GCA_003970575.1,2462952,2605275.0,0.1286578057550451,False,WGS,valid genome - discrepancy surfaced by CDGC
469602.13,Fusobacterium nucleatum subsp. vincentii 3_1_27,GCF_000163915.2,GCA_000163915.2,2190228,15921.0,0.0076539976659964,True,Plasmid,plasmid (retrieval convention)
470.4463,Acinetobacter baumannii strain BAL062,GCF_900088705.1,GCA_900088705.1,4050765,8015.0,0.0019786386028318,True,Plasmid,plasmid (retrieval convention)
470.4451,Acinetobacter baumannii strain C2,GCF_900117505.2,,3818097,6078.0,0.001591630595032,False,Plasmid,plasmid (retrieval convention)
470.4446,Acinetobacter baumannii strain CS01,GCF_000820665.1,GCA_000820665.1,3916249,64165.0,0.0310976140689726,True,Plasmid,plasmid (retrieval convention)
470.446,,GCF_900117985.2,,3942149,,0.0176497641261149,False,,no current BV-BRC record
470.4352,Acinetobacter baumannii strain IOMTU 433 strain IOMTU433,GCF_000828935.1,GCA_000828935.1,4190324,189354.0,0.0461014470480087,True,Plasmid,plasmid (retrieval convention)
470.4384,Acinetobacter baumannii strain YU-R612,GCF_001543995.1,GCA_001543995.1,4155251,74241.0,0.0193458830766179,True,Plasmid,plasmid (retrieval convention)
472759.18,Nitrosococcus halophilus Nc 4,GCF_000024725.1,GCA_000024725.1,4145260,65833.0,0.0176497976001505,True,Plasmid,plasmid (retrieval convention)
477697.4,Streptomyces sp. T12,GCF_007828695.1,GCA_028736035.1,7803850,11483874.0,0.4544440244238421,False,Complete,valid genome - discrepancy surfaced by CDGC
492670.1727,Bacillus velezensis AM60-1H10A,GCF_027668475.1,GCA_027668475.1,3910462,3910462.0,0.2089054950540371,True,WGS,valid genome - discrepancy surfaced by CDGC
492670.245,Bacillus velezensis strain B25,GCF_001536925.1,GCA_001536925.1,3862757,8138.0,0.0021067853867069,True,Plasmid,plasmid (retrieval convention)
498213.21,Clostridium botulinum B1 str. Okra,GCF_000019305.1,GCA_000019305.1,4107013,148780.0,0.0364152730950693,True,Plasmid,plasmid (retrieval convention)
498739.17,Borreliella burgdorferi CA-11.2A,GCF_000172315.2,,1294354,54623.0,0.0552059173919963,False,Plasmid,plasmid (retrieval convention)
515621.12,Clostridium botulinum Ba4 str. 657,GCF_000020345.1,GCA_000020345.1,4257769,270022.0,0.0650939494368999,True,Plasmid,plasmid (retrieval convention)
523796.33,Staphylococcus aureus subsp. aureus ST398 strain S0385 strain type strain:ST398,GCF_000009585.1,GCA_000009585.1,2885367,5246.0,0.0029039633433112,True,Plasmid,plasmid (retrieval convention)
526949.1,,GCF_000172715.2,,6665454,,0.1869084986559055,False,,no current BV-BRC record
537973.18,Lactobacillus paracasei subsp. paracasei 8700:2 strain 362.5013889,GCF_000155515.2,GCA_000155515.2,3025352,62119.0,0.0273687161031179,True,Plasmid,plasmid (retrieval convention)
541229.16,Bacillus thuringiensis serovar chinensis CT-43,GCF_000193355.1,GCA_000193355.1,6151150,281231.0,0.0577526153646066,True,Plasmid,plasmid (retrieval convention)
547163.3,Mycobacterium vulneris strain DSM 45247,GCF_002104765.1,GCA_000612885.1,6266718,6981439.0,0.2470841994166643,False,WGS,valid genome - discrepancy surfaced by CDGC
548473.9,Staphylococcus aureus subsp. aureus TCH60 strain MRSA_TCH60,GCF_000159535.2,GCA_000159535.2,2827166,24491.0,0.0089587947789411,True,Plasmid,plasmid (retrieval convention)
548476.11,Corynebacterium aurimucosum ATCC 700975 strain DSM 44827 strain DSM 44827; ATCC 700975,GCF_000022905.1,GCA_000022905.1,2819226,29037.0,0.0116223388972718,True,Plasmid,plasmid (retrieval convention)
551115.19,'Nostoc azollae' 0708,GCF_000196515.1,GCA_000196515.1,5486145,109570.0,0.0208900785524261,True,Plasmid,plasmid (retrieval convention)
553198.3,Propionibacterium acidifaciens F0233,GCF_000478805.1,GCA_000478805.1,3017605,2064725.0,0.0017629875348165,True,WGS,valid genome - discrepancy surfaced by CDGC
557760.27,Rhodobacter sphaeroides KD131 strain KD131; KCTC 12085,GCF_000021005.1,GCA_000021005.1,4711139,157345.0,0.03450503158578,True,Plasmid,plasmid (retrieval convention)
558173.7,Corynebacterium doosanense CAU 212 = DSM 45436 strain CAU 212(T),GCF_000767055.1,GCA_000767055.1,2698995,27197.0,0.0141337794253046,True,Plasmid,plasmid (retrieval convention)
561007.4,,GCF_001942505.1,,5098655,,0.004598467635092,False,,no current BV-BRC record
562.7694,Escherichia coli strain 103151,GCF_001284685.1,GCA_001284685.2,4933487,1326714.0,0.2754820272152333,True,WGS,valid genome - discrepancy surfaced by CDGC
562.7667,Escherichia coli strain 200696,GCF_001284145.1,GCA_001284145.2,5154882,1517035.0,0.2992035511191139,True,WGS,valid genome - discrepancy surfaced by CDGC
562.7622,Escherichia coli strain 300073,GCF_001283245.1,GCA_001283245.2,5144739,567150.0,0.1124581830098669,True,Complete,valid genome - discrepancy surfaced by CDGC
562.7641,Escherichia coli strain 401686,GCF_001283625.1,GCA_001283625.2,4745741,951382.0,0.2059891174002121,True,WGS,valid genome - discrepancy surfaced by CDGC
562.7692,Escherichia coli strain 401907,GCF_001284645.1,GCA_001284645.2,5165874,391326.0,0.0786916212048532,True,Complete,valid genome - discrepancy surfaced by CDGC
562.7773,Escherichia coli strain 402605,GCF_001286265.1,GCA_001286265.2,5213724,957497.0,0.1882274550781744,True,WGS,valid genome - discrepancy surfaced by CDGC
562.7627,Escherichia coli strain 402696,GCF_001283345.1,GCA_001283345.2,4842913,1299606.0,0.2709658422523799,True,WGS,valid genome - discrepancy surfaced by CDGC
562.7654,Escherichia coli strain 402798,GCF_001283905.1,GCA_001283905.2,5303898,2442032.0,0.4695580495703348,True,WGS,valid genome - discrepancy surfaced by CDGC
562.762,,GCF_001283205.1,,5464298,,0.1340668096798527,False,,no current BV-BRC record
562.7708,Escherichia coli strain 702797,GCF_001284965.1,GCA_001284965.2,5143379,1811385.0,0.3573543773460987,True,WGS,valid genome - discrepancy surfaced by CDGC
562.7729,Escherichia coli strain 702971,GCF_001285385.1,GCA_001285385.2,5198954,1733545.0,0.3407827805362386,True,WGS,valid genome - discrepancy surfaced by CDGC
562.7756,Escherichia coli strain 703128,GCF_001285925.1,GCA_001285925.2,5192306,604556.0,0.1213150765767657,True,WGS,valid genome - discrepancy surfaced by CDGC
562.7736,Escherichia coli strain 703273,GCF_001285545.1,GCA_001285545.2,4896922,455856.0,0.0962815009101635,True,Complete,valid genome - discrepancy surfaced by CDGC
562.24607,Escherichia coli strain KSC1031,GCF_002163935.1,GCA_002163935.1,4855538,148529.0,0.0322407115339227,True,Plasmid,plasmid (retrieval convention)
562.24606,Escherichia coli strain KSC207,GCF_002163955.1,GCA_002163955.1,4984497,277790.0,0.0570731610431303,True,Plasmid,plasmid (retrieval convention)
562.42146,Escherichia coli strain M8,GCF_001637885.1,,5223409,5284951.0,0.4816875339457431,False,WGS,valid genome - discrepancy surfaced by CDGC
562.11102,,GCF_032029395.1,,5282930,,0.4909357118114379,False,,no current BV-BRC record
208439.7,Amycolatopsis japonica strain MG417-CF17 strain DSM 44213,GCF_000732925.1,GCA_000732925.1,9053857,92539.0,0.0102270225827511,True,Plasmid,plasmid (retrieval convention)
2135430.5,Streptomyces sp. P3,GCF_003032475.1,GCA_016893485.1,9851971,9992787.0,0.3828786138327041,False,WGS,valid genome - discrepancy surfaced by CDGC
215803.3,Enhygromyxa salina strain DSM 15201,GCF_000737335.2,GCA_000737335.1,10435313,10977714.0,0.0057233549199722,True,WGS,valid genome - discrepancy surfaced by CDGC
2171625.4,Sphingomonas sp. TPD3009,GCF_003075195.1,GCA_003074955.1,3994225,5169670.0,0.0147585576676326,False,WGS,valid genome - discrepancy surfaced by CDGC
224915.13,Buchnera aphidicola str. Bp (Baizongia pistaciae) strain Bp (Baizongia pistaciae) strain Bp (Baizongia pistaciae) strain Bp (Baizongia pistaciae),GCF_000007725.1,GCA_000007725.1,618379,2399.0,0.0038794978484068,True,Plasmid,plasmid (retrieval convention)
225325.5,Nesterenkonia halotolerans JCM 13018,GCF_042679385.1,,2957945,30689.0,0.0006132636002359,False,WGS,valid genome - discrepancy surfaced by CDGC
2259621.3,Pseudomonas sp. FW305-3-2-15-E-TSA4,GCF_002901465.1,GCA_014156655.1,6221062,3224307.0,0.0034442672328293,False,WGS,valid genome - discrepancy surfaced by CDGC
2561928.3,Klebsiella sp. Z2,GCF_004803565.2,GCA_004803565.1,5582894,4875201.0,0.3929985057928737,True,WGS,valid genome - discrepancy surfaced by CDGC
2562794.3,Myxococcus sp. AB025B,GCF_006518215.1,GCA_006518205.1,10601221,9110392.0,0.4037617930991156,False,WGS,valid genome - discrepancy surfaced by CDGC
2562797.3,Myxococcus sp. AB022,GCF_006547345.1,GCA_006518215.1,9062526,10601221.0,0.4651080725175299,False,WGS,valid genome - discrepancy surfaced by CDGC
2563444.3,Pedobacter sp. P-25,GCF_005925325.2,GCA_005925325.1,4976191,4618610.0,0.4454149770376579,True,WGS,valid genome - discrepancy surfaced by CDGC
261594.69,Bacillus anthracis str. 'Ames Ancestor' strain Ames Ancestor; A2084,GCF_000008445.1,GCA_000008445.1,5503926,181677.0,0.0333903471812666,True,Plasmid,plasmid (retrieval convention)
262320.5,Flavobacterium frigidimaris strain DSM 15937,GCF_002217275.1,GCF_900129595.1,5422185,5739183.0,0.4876559910810863,False,WGS,valid genome - discrepancy surfaced by CDGC
263358.13,Verrucosispora maris AB-18-032,GCF_000204155.1,GCA_000204155.1,6732271,58295.0,0.0086655751083104,True,Plasmid,plasmid (retrieval convention)
264730.31,Pseudomonas savastanoi pv. phaseolicola 1448A strain 1448A; BAA-978,GCF_000012205.1,GCA_000012205.1,6112448,131950.0,0.0491920749264451,True,Plasmid,plasmid (retrieval convention)
2702.528,Gardnerella vaginalis UMB0388,GCF_002871555.2,GCA_002871555.1,1628741,1980920.0,0.0131236335304385,True,WGS,valid genome - discrepancy surfaced by CDGC
272559.47,Bacteroides fragilis NCTC 9343,GCF_900445515.1,GCA_900227845.1,5315005,4438570.0,0.0097347039184346,False,WGS,valid genome - discrepancy surfaced by CDGC
272568.39,Gluconacetobacter diazotrophicus PA1 5 strain PAl 5 strain PAl 5; ATCC 49037,GCF_000021325.1,GCA_000021325.1,3914947,27455.0,0.0105641276880632,True,Plasmid,plasmid (retrieval convention)
272620.58,Klebsiella pneumoniae subsp. pneumoniae MGH 78578 strain ATCC 700721; MGH 78578,GCF_000016305.1,GCA_000016305.1,5694894,175879.0,0.0452905708165946,True,Plasmid,plasmid (retrieval convention)
272942.34,Rhodobacter capsulatus SB 1003,GCF_000021865.1,GCA_000021865.1,3871920,132962.0,0.03671563462055,True,Plasmid,plasmid (retrieval convention)
2795026.3,Hymenobacter sp. BT442,GCF_017571495.1,GCA_016056375.1,7101020,5143362.0,0.3696923822211457,False,WGS,valid genome - discrepancy surfaced by CDGC
279808.28,Staphylococcus haemolyticus JCSC1435,GCF_000009865.1,GCA_000009865.1,2697861,8180.0,0.003032031672499,True,Plasmid,plasmid (retrieval convention)
2801334.3,Chryseobacterium sp. RG1,GCF_016735585.2,GCA_016735585.2,4430189,5327821.0,0.0006308985914596,True,WGS,valid genome - discrepancy surfaced by CDGC
2801338.3,Lysobacter sp. MMG2,GCF_016735495.2,GCA_016735495.2,4167003,3413045.0,0.0066726613827731,True,WGS,valid genome - discrepancy surfaced by CDGC
28025.299,Bifidobacterium animalis 1001216st1_A3_BSD2780061688_150302,GCF_028204175.1,GCA_028204175.1,1928607,1928607.0,0.3672500410918347,True,WGS,valid genome - discrepancy surfaced by CDGC
28025.267,Bifidobacterium animalis AM104-33,GCF_027659385.1,GCA_027659385.1,1918612,1918612.0,0.4817295002845807,True,WGS,valid genome - discrepancy surfaced by CDGC
28025.276,Bifidobacterium animalis TF09-6A,GCF_027690475.1,GCA_027690475.1,1917498,1917498.0,0.4682904493251101,True,WGS,valid genome - discrepancy surfaced by CDGC
28026.1514,Bifidobacterium pseudocatenulatum AM90-01A,GCF_027698785.1,GCA_027698785.1,2335153,2335153.0,0.446638828376556,True,WGS,valid genome - discrepancy surfaced by CDGC
28026.1504,Bifidobacterium pseudocatenulatum OF32-3pH5A,GCF_027692815.1,GCA_027692815.1,2232434,2232434.0,0.453924281748083,True,WGS,valid genome - discrepancy surfaced by CDGC
28026.1519,Bifidobacterium pseudocatenulatum RTP21311st1_C8_RTP21311_201001,GCF_028310275.1,GCA_028310275.1,2304461,2304461.0,0.3332766317156159,True,WGS,valid genome - discrepancy surfaced by CDGC
2809027.3,Bifidobacterium sp. MA1,GCF_018555435.2,GCA_018555435.2,3348570,2983671.0,0.301978157840511,True,WGS,valid genome - discrepancy surfaced by CDGC
28110.22,Francisella philomiragia strain O#319-036 [FSC 153] strain O#319-036 [FSC 153] strain O#319-036 [FSC 153],GCF_000833295.1,GCA_000833295.1,1924061,4876.0,0.0025342231873105,True,Plasmid,plasmid (retrieval convention)
2811430.3,Telluribacter sp. SYSU D00476,GCF_017355915.2,GCA_017355915.2,6308328,5009727.0,0.0002639368149531,True,WGS,valid genome - discrepancy surfaced by CDGC
28125.3,Prevotella bivia strain GED7760C,GCF_001546565.2,GCF_001546565.1,2459295,2103587.0,0.0007929101632785,True,WGS,valid genome - discrepancy surfaced by CDGC
28144.72,Salmonella enterica subsp. enterica serovar Derby strain SA20035215,GCF_002234755.2,GCA_002234755.1,5086889,236555.0,0.0466558244144898,True,Plasmid,plasmid (retrieval convention)
282420.3,Planktothrix agardhii CCAP 1459/11A strain NIES-905,GCF_005402765.1,GCA_005402765.2,5512454,943974.0,0.1870598829486831,True,WGS,valid genome - discrepancy surfaced by CDGC
283699.14,Pseudoalteromonas sp. Bsw20308 strain BSW20308,GCF_000310105.2,GCA_000310105.2,4830226,906103.0,0.2113847260977022,True,Plasmid,plasmid (retrieval convention)
284032.4,Streptomyces heliomycini JCM 9767,GCF_042431345.1,,8264776,4175730.0,0.4555356370214994,False,WGS,valid genome - discrepancy surfaced by CDGC
28450.2594,Burkholderia pseudomallei 18MB023849,GCF_027856855.2,GCA_027856855.2,7053004,7045778.0,0.4547049739373464,True,WGS,valid genome - discrepancy surfaced by CDGC
28450.2571,Burkholderia pseudomallei 22MB088990,GCF_027856395.2,GCA_027856395.2,7075620,7068825.0,0.454800286052671,True,WGS,valid genome - discrepancy surfaced by CDGC
287.28408,Pseudomonas aeruginosa PaLo19,GCF_027856035.1,GCA_027856035.1,7175170,7175170.0,0.0459887361553802,True,WGS,valid genome - discrepancy surfaced by CDGC
28901.18805,Salmonella enterica G1554,GCF_028493025.1,GCA_028493025.1,5034267,5034267.0,0.4668925982670367,True,WGS,valid genome - discrepancy surfaced by CDGC
28901.1879,Salmonella enterica strain BCW_6289,GCF_028492745.1,GCA_002044145.1,4748022,4997962.0,0.4456443125158223,False,WGS,valid genome - discrepancy surfaced by CDGC
28901.18747,Salmonella enterica SF015,GCF_028485815.1,GCA_028485815.1,4990041,4990041.0,0.4643118162756579,True,WGS,valid genome - discrepancy surfaced by CDGC
28901.18783,Salmonella enterica SF035,GCF_028492405.1,GCA_028492405.1,4889254,4889254.0,0.4628137544091593,True,WGS,valid genome - discrepancy surfaced by CDGC
28901.18784,Salmonella enterica SF108,GCF_028492245.1,GCA_028492245.1,4978244,4978244.0,0.4666207602520085,True,WGS,valid genome - discrepancy surfaced by CDGC
28901.18761,Salmonella enterica SF184,GCF_028491465.1,GCA_028491465.1,4857075,4857075.0,0.4532995681557316,True,WGS,valid genome - discrepancy surfaced by CDGC
290339.26,Cronobacter sakazakii ATCC BAA-894,GCF_000017665.1,GCA_000017665.1,4530777,131196.0,0.0292786424933295,True,Plasmid,plasmid (retrieval convention)
293387.346,Bacillus altitudinis C10-4,GCF_028462265.1,GCA_028462265.1,3679170,3679170.0,0.4614138514936793,True,WGS,valid genome - discrepancy surfaced by CDGC
29339.59,Bacillus thuringiensis serovar kurstaki strain HD 1 strain HD 1i,GCF_000835235.1,GCA_000835235.1,6859474,412022.0,0.1040821788959328,True,Plasmid,plasmid (retrieval convention)
2936269.4,Pseudomonas sp. BGr12,GCF_030272895.2,,6912209,5631372.0,0.2877013701408623,False,WGS,valid genome - discrepancy surfaced by CDGC
2936270.4,Pseudomonas sp. BJa5,GCF_030272875.2,,5630729,6912209.0,0.3522980772116719,False,WGS,valid genome - discrepancy surfaced by CDGC
29383.5,Staphylococcus equorum subsp. equorum strain NCTC 12414,GCF_003970515.1,GCA_003968885.1,2711458,2350071.0,0.1640276190890657,False,WGS,valid genome - discrepancy surfaced by CDGC
29385.464,Staphylococcus saprophyticus 7_sapro,GCF_027853655.1,GCA_027853655.1,2730928,2730928.0,0.4667464685996847,True,WGS,valid genome - discrepancy surfaced by CDGC
2949854.3,Providencia sp. PROV144,GCF_028481425.1,GCA_028481425.1,4322432,4322432.0,0.4020160409695282,True,WGS,valid genome - discrepancy surfaced by CDGC
2950111.4,Streptomyces sp. Isolate_45,GCF_024721315.2,,9065211,8890649.0,0.21320441410575,False,WGS,valid genome - discrepancy surfaced by CDGC
29519.164,Borreliella garinii CIP 103362,GCF_001922545.1,,1156110,57532.0,0.0497634308154068,False,Plasmid,plasmid (retrieval convention)
297245.19,Legionella pneumophila str. Lens,GCF_000048665.1,GCA_000048665.1,3405519,59832.0,0.0212977816303476,True,Plasmid,plasmid (retrieval convention)
297246.23,Legionella pneumophila str. Paris,GCF_000048645.1,GCA_000048645.1,3635495,131885.0,0.0386786393599771,True,Plasmid,plasmid (retrieval convention)
2972786.5,Commensalibacter sp. LMG 31819 R-79671,GCF_947179065.1,GCA_947179065.1,2528666,2528666.0,0.4880474526884926,True,WGS,valid genome - discrepancy surfaced by CDGC
298386.28,Photobacterium profundum SS9,GCF_000196255.1,GCA_000196255.1,6403280,80033.0,0.0139962644144875,True,Plasmid,plasmid (retrieval convention)
2986997.5,Romboutsia sp. 1001216sp1 BSD2780061687st1_C1_BSD2780061687b_171204,GCF_028326315.1,GCA_028326315.1,3044673,3044673.0,0.4221372869927247,True,WGS,valid genome - discrepancy surfaced by CDGC
2987525.3,Paucibacter sp. hw1,GCF_028595345.1,GCA_028595305.1,5471347,4372104.0,0.1947275506378959,False,WGS,valid genome - discrepancy surfaced by CDGC
2987526.3,Paucibacter sp. hw8,GCF_028595305.1,GCA_028595345.1,4372104,5471347.0,0.2420008764658846,False,WGS,valid genome - discrepancy surfaced by CDGC
299766.79,Enterobacter hormaechei subsp. steigerwaltii strain 34977,GCF_000814125.3,GCA_000814125.3,5209251,263138.0,0.0539160044313472,True,Plasmid,plasmid (retrieval convention)
299766.77,Enterobacter hormaechei subsp. steigerwaltii strain 34998,GCF_000807425.2,GCA_000807425.4,5303516,239973.0,0.0490133337959195,True,Plasmid,plasmid (retrieval convention)
3002440.3,Flavobacterium sp. SUN046,GCF_028867965.2,GCA_028867965.2,4125584,3373788.0,0.1628806976175979,True,WGS,valid genome - discrepancy surfaced by CDGC
3002441.3,Flavobacterium sp. SUN052,GCF_028867935.2,GCA_028867935.2,3374313,8106526.0,0.0013694639471797,True,WGS,valid genome - discrepancy surfaced by CDGC
300876.118,Vibrio europaeus 2967,GCF_028446885.1,GCA_028446885.1,5538311,5538311.0,0.4498842697710547,True,WGS,valid genome - discrepancy surfaced by CDGC
300876.115,Vibrio europaeus 2971,GCF_028446805.1,GCA_028446805.1,5482013,5482013.0,0.4623292575190901,True,WGS,valid genome - discrepancy surfaced by CDGC
301105.6,Enterobacter hormaechei subsp. hormaechei strain 34983,GCF_000814205.1,GCA_000814205.1,5063734,328905.0,0.0694918018995468,True,Plasmid,plasmid (retrieval convention)
306263.16,Campylobacter lari RM2100 strain RM2100; ATCC BAA-1060D,GCF_000019205.1,GCA_000019205.1,1571661,46201.0,0.0295540832278716,True,Plasmid,plasmid (retrieval convention)
309801.17,Thermomicrobium roseum DSM 5159,GCF_000021685.1,GCA_000021685.1,2920744,917738.0,0.3181097008159564,True,Plasmid,plasmid (retrieval convention)
309807.35,Salinibacter ruber DSM 13855 strain DSM 13855; M31,GCF_000013045.1,GCA_000013045.1,3587328,35505.0,0.010278959715978,True,Plasmid,plasmid (retrieval convention)
310355.4,Catellatospora bangladeshensis JCM 12949,GCF_042666735.1,,8986923,6838199.0,0.0747747588356993,False,WGS,valid genome - discrepancy surfaced by CDGC
316.73,,GCF_021713635.1,,3939517,,0.4497350817371774,False,,no current BV-BRC record
319795.25,Deinococcus geothermalis DSM 11300,GCF_000196275.1,GCA_000196275.1,3247018,574127.0,0.193875118647325,True,Plasmid,plasmid (retrieval convention)
323097.2,,GCF_000013885.1,,5011522,,0.0819944519848461,False,,no current BV-BRC record
323261.19,Nitrosococcus oceani ATCC 19707 strain ATCC 19707; JCM30415 (Type strain),GCF_000012805.1,GCA_000012805.1,3522111,40420.0,0.0129578539688272,True,Plasmid,plasmid (retrieval convention)
329726.53,Acaryochloris marina MBIC11017,GCF_000018105.1,GCA_000018105.1,8361599,374161.0,0.0789994832328122,True,Plasmid,plasmid (retrieval convention)
33007.8,Actinomyces neuii strain UMB0125,GCF_002860645.2,GCA_002860645.1,2256214,2390431.0,0.4776975942884851,True,,flagged (missing status)
33028.1,,GCF_003968885.1,,2350071,,0.3608980324424241,False,,no current BV-BRC record
331104.1,,GCF_000022605.2,,640935,,0.0063735012130715,False,,no current BV-BRC record
331272.37,Burkholderia cenocepacia HI2424 strain B1,GCF_000203955.1,GCA_000203955.1,7702840,164857.0,0.0246433782864501,True,Plasmid,plasmid (retrieval convention)
335284.24,Psychrobacter cryohalolentis K5,GCF_000013905.1,GCA_000013905.1,3101097,41221.0,0.0144616566331204,True,Plasmid,plasmid (retrieval convention)
338969.25,Rhodoferax ferrireducens T118 strain DSM 15236,GCF_000013605.1,GCA_000013605.1,4969784,257447.0,0.0518088914930709,True,Plasmid,plasmid (retrieval convention)
33959.703,Lactobacillus johnsonii AF51-9b6A,GCF_027682595.1,GCA_027682595.1,1934138,1934138.0,0.4738643261235755,True,WGS,valid genome - discrepancy surfaced by CDGC
340189.9,Salmonella enterica subsp. enterica serovar Manhattan strain SA20084699,GCF_002234795.1,GCA_002234795.1,4802602,38945.0,0.0145875090211514,True,Plasmid,plasmid (retrieval convention)
344609.28,Shigella boydii CDC 3083-94 strain BS512; CDC 3083-94,GCF_000020185.1,GCA_000020185.1,4874659,210919.0,0.1460085720867859,True,Plasmid,plasmid (retrieval convention)
347255.7,Rickettsia africae ESF-5,GCF_000023005.1,GCA_000023005.1,1290917,12377.0,0.0097488839328942,True,Plasmid,plasmid (retrieval convention)
347495.12,Bacillus cereus F837/76,GCF_000239195.1,GCA_000239195.1,5288498,55304.0,0.0109730588912012,True,Plasmid,plasmid (retrieval convention)
347834.68,Rhizobium etli CFN 42,GCF_000092045.1,GCA_000092045.1,6530228,642517.0,0.1041435306699858,True,Plasmid,plasmid (retrieval convention)
349747.19,Yersinia pseudotuberculosis IP 31758,GCF_000016945.1,GCA_000016945.1,4935125,153140.0,0.0310545325599655,True,Plasmid,plasmid (retrieval convention)
351671.7,Xenorhabdus doucetiae strain FRM16,GCF_000968195.1,GCA_000968195.1,4203651,8449.0,0.0020853301094691,True,Plasmid,plasmid (retrieval convention)
352858.3,Bacillus sp. Y1,GCF_014489805.1,GCA_003586445.1,4171111,5028825.0,0.0164819397038343,False,Complete,valid genome - discrepancy surfaced by CDGC
353218.3,Pseudomonas sp. s4 strain S4,GCF_046764235.1,GCA_034652295.1,6327691,4406530.0,0.2182974800760656,False,WGS,valid genome - discrepancy surfaced by CDGC
35806.25,Rhodovulum sulfidophilum strain SNK001,GCF_001633145.1,GCA_001633145.1,4196493,113522.0,0.0271236005874428,True,Plasmid,plasmid (retrieval convention)
361277.14,Terribacillus saccharophilus strain DSM 21619,GCF_900110015.1,GCA_002335735.1,3632506,4703180.0,0.005543280589213,False,WGS,valid genome - discrepancy surfaced by CDGC
363253.14,Lawsonia intracellularis PHE/MN1-00,GCF_000055945.1,GCA_000055945.1,1719014,194553.0,0.1131770887264443,True,Plasmid,plasmid (retrieval convention)
363867.3,Aeromicrobium ginsengisoli strain JCM 14732,GCF_004134905.2,GCA_004134905.2,4005926,3919691.0,0.4048796707677575,True,WGS,valid genome - discrepancy surfaced by CDGC
365346.4,Paenisporosarcina quisquiliarum strain SK 55,GCF_027563315.1,GCA_900109875.1,3140025,4033490.0,0.0694207848663625,False,WGS,valid genome - discrepancy surfaced by CDGC
366649.1,,GCF_002309515.1,,5279077,,0.0129426034134376,False,,no current BV-BRC record
367190.12,Yersinia similis strain 228 strain Y_sim_228,GCF_000582515.1,GCA_000582515.1,4964409,60687.0,0.0151772345912675,True,Plasmid,plasmid (retrieval convention)
1392.441,Bacillus anthracis strain Canadian_bison strain Canadian Bison,GCF_000833125.1,GCA_000833125.1,5505775,181741.0,0.0333905762585648,True,Plasmid,plasmid (retrieval convention)
1392488.5,Leeuwenhoekiella sp. Hel_I_48,GCF_000733945.1,GCA_000687915.1,4140757,4281274.0,0.0727217269692474,False,WGS,valid genome - discrepancy surfaced by CDGC
1392489.4,Leeuwenhoekiella sp. MAR_2009_132,GCF_000687915.1,GCA_000733945.1,4281274,4140757.0,0.0720425742430874,False,WGS,valid genome - discrepancy surfaced by CDGC
1393051.3,Pedobacter ureilyticus strain THG-T11,GCF_005925345.2,GCA_005925345.1,4618610,4976191.0,0.4809964469829667,True,WGS,valid genome - discrepancy surfaced by CDGC
1396.1856,Bacillus cereus strain 3a,GCF_000832765.1,GCA_000832765.1,5642300,312478.0,0.0624424436843131,True,Plasmid,plasmid (retrieval convention)
1408204.5,Candidatus Endomicrobium trichonymphae strain Rs-D1,GCF_002355835.1,GCA_002355835.1,1130840,5518.0,0.007960454175657,True,Plasmid,plasmid (retrieval convention)
1415164.3,Staphylococcus cohnii hu-01,GCF_000513495.2,GCA_000513495.2,2735503,5697903.0,0.0135159785969892,True,WGS,valid genome - discrepancy surfaced by CDGC
1415784.37,Bacillus toyonensis BCT-7112 strain BCT-7112T,GCF_000496285.1,GCA_000496285.1,5025419,76974.0,0.0155823822849398,True,Plasmid,plasmid (retrieval convention)
1423.482,Bacillus subtilis strain 29R7-12,GCF_001902555.1,GCA_001902555.1,4204050,64604.0,0.0153670864999226,True,Plasmid,plasmid (retrieval convention)
1423.2796,Bacillus subtilis A29,GCF_004294535.1,GCA_030297825.1,4059431,12392741.0,0.0012521459288259,False,WGS,valid genome - discrepancy surfaced by CDGC
1427372.3,Mycobacterium microti OV254,GCF_904810325.1,GCA_002865895.1,4369915,5740218.0,0.353345774460144,False,,flagged (missing status)
1428.836,Bacillus thuringiensis strain YGd22-03,GCF_002184245.1,GCA_002184245.1,5675543,98137.0,0.0182114733339171,True,Plasmid,plasmid (retrieval convention)
1428452.6,Morganella morganii F675,GCF_000752335.1,GCA_000753395.1,4196460,26605.0,0.0067149454540255,False,WGS,valid genome - discrepancy surfaced by CDGC
1446746.9,Escherichia coli O6:H16 strain 2011EL-1370-2,GCF_002269325.1,GCA_002269325.1,4965555,117021.0,0.0447659929252621,True,Plasmid,plasmid (retrieval convention)
1447259.3,Arcobacter butzleri L351,GCF_001010615.1,GCF_001010615.1,2290244,1042959.0,0.4649788406824775,True,WGS,valid genome - discrepancy surfaced by CDGC
1447714.4,Chlamydia trachomatis D/CS637/11,GCF_001183765.1,GCA_001183765.1,1050173,7493.0,0.0071350148975454,True,Plasmid,plasmid (retrieval convention)
1452727.5,Bacillus anthracis str. Turkey32 strain 35,GCF_000833275.1,GCA_000833275.1,5505298,181760.0,0.0333969205663344,True,Plasmid,plasmid (retrieval convention)
1453870.4,Staphylococcus aureus subsp. aureus 300-169,GCF_000534855.1,GCA_000534855.1,2808012,2457.0,0.0008749962606997,True,Plasmid,plasmid (retrieval convention)
1454593.4,Salmonella enterica subsp. enterica serovar Anatum str. USDA-ARS-USMARC-1765,GCF_001620135.2,GCA_001620135.2,4954715,9323.0,0.0035897120217812,True,Plasmid,plasmid (retrieval convention)
1458279.6,Staphylococcus aureus USA300-ISMMS1,GCF_000568455.1,GCA_000568455.1,2951201,27068.0,0.0101087658888703,True,Plasmid,plasmid (retrieval convention)
150056.28,Staphylococcus fleurettii strain DSM 13212,GCF_003970575.1,GCA_003968865.1,2605275,2473007.0,0.0723827618965368,False,WGS,valid genome - discrepancy surfaced by CDGC
1502.3032,Clostridium perfringens CP5,GCF_028437745.1,GCA_028437745.1,3337055,3337055.0,0.2851046806240832,True,WGS,valid genome - discrepancy surfaced by CDGC
1507977.3,Vibrio sp. J2-4,GCF_021728155.1,GCF_001243675.1,5454024,5658438.0,0.1674864283692187,False,WGS,valid genome - discrepancy surfaced by CDGC
1608993.3,Pseudomonas sp. DSM 28140,GCF_004342725.1,GCF_001042975.1,2716742,5004386.0,0.0037846803266559,False,WGS,valid genome - discrepancy surfaced by CDGC
1566379.4,Bradyrhizobium sp. UASWS1016,GCF_001705105.1,GCF_000878315.1,7960052,1047671.0,0.0003947210395107,False,WGS,valid genome - discrepancy surfaced by CDGC
1574623.5,Lyngbya confervoides BDU141951,GCF_000817775.3,GCA_000817775.1,4850174,8799693.0,0.028740824555985,True,Deprecated,flagged (deprecated)
158627.6,Pseudomonas graminis strain PDD-13b-3,GCF_002093745.2,GCA_002093745.1,6020901,5686785.0,0.337857573143953,True,WGS,valid genome - discrepancy surfaced by CDGC
158836.2106,Enterobacter hormaechei EC15999,GCF_027889355.1,GCA_027889355.1,4726309,4726309.0,0.4860065222142691,True,WGS,valid genome - discrepancy surfaced by CDGC
1590.777,Lactobacillus plantarum strain BFE 5092,GCF_900078525.1,,3285094,5206.0,0.0017247603873739,False,Plasmid,plasmid (retrieval convention)
1590.645,Lactobacillus plantarum strain LZ95,GCF_001484005.1,GCA_001484005.1,3322458,48556.0,0.0167625896249102,True,Plasmid,plasmid (retrieval convention)
1604.73,Lactobacillus amylovorus strain 30SC,GCF_000191545.1,GCA_000191545.1,2097766,12568.0,0.005991135331586,True,Plasmid,plasmid (retrieval convention)
1609546.8,endosymbiont DhMRE of Dentiscutata heterogama,GCF_002888635.2,GCA_002888635.1,713033,60375.0,0.0910631064761378,True,WGS,valid genome - discrepancy surfaced by CDGC
1609966.11,Confluentimicrobium sp. EMB200-NS6 strain EMBL200_NS6,GCF_001305615.1,GCA_001305615.1,4147426,184737.0,0.0631758107317647,True,Plasmid,plasmid (retrieval convention)
1639.13267,Listeria monocytogenes N22-1530,GCF_041765095.1,GCA_028527525.1,2917322,2891669.0,0.4105549541668695,False,WGS,valid genome - discrepancy surfaced by CDGC
1640.308,Listeria seeligeri LS22,GCF_027864245.1,GCA_027864245.1,2875051,2875051.0,0.4381484015413987,True,WGS,valid genome - discrepancy surfaced by CDGC
1640.295,Listeria seeligeri LS38,GCF_027863995.1,GCA_027863995.1,2830028,2830028.0,0.4558682811618825,True,WGS,valid genome - discrepancy surfaced by CDGC
1640.292,Listeria seeligeri LS40,GCF_027863935.1,GCA_027863935.1,2864298,2864298.0,0.3358337714860674,True,WGS,valid genome - discrepancy surfaced by CDGC
1647413.7,Anabaena sp. WA102,GCF_001277295.1,GCA_001277295.1,5782034,76597.0,0.0249097462934323,True,Plasmid,plasmid (retrieval convention)
1680.234,,GCF_027683605.1,,2109255,,0.4419456158691102,False,,no current BV-BRC record
1680.2337,Bifidobacterium adolescentis AF51-06b1,GCF_027682745.1,GCA_027682745.1,2202449,2202449.0,0.4030794810685741,True,WGS,valid genome - discrepancy surfaced by CDGC
1680.2297,Bifidobacterium adolescentis AM04S-55,GCF_027663065.1,GCA_027663065.1,2255737,2255737.0,0.4634893163520392,True,WGS,valid genome - discrepancy surfaced by CDGC
1680.2291,Bifidobacterium adolescentis AM104-10,GCF_027659585.1,GCA_027659585.1,2149369,2149369.0,0.2839833458098633,True,WGS,valid genome - discrepancy surfaced by CDGC
1680.2317,Bifidobacterium adolescentis AM110-71,GCF_027674755.1,GCA_027674755.1,2251025,2251025.0,0.4529572083828478,True,WGS,valid genome - discrepancy surfaced by CDGC
1680.2352,Bifidobacterium adolescentis AM87-02CMCA,GCF_027699045.1,GCA_027699045.1,2171544,2171544.0,0.3337058793190467,True,WGS,valid genome - discrepancy surfaced by CDGC
1680.2331,Bifidobacterium adolescentis TM114-59,GCF_027680245.1,GCA_027680245.1,2109669,2109669.0,0.3057967861309049,True,WGS,valid genome - discrepancy surfaced by CDGC
1680.233,,GCF_027680115.1,,2330180,,0.459401419632818,False,,no current BV-BRC record
1681.1191,Bifidobacterium bifidum AM18-64,GCF_027671935.1,GCA_027671935.1,2203217,2203217.0,0.4016159098264038,True,WGS,valid genome - discrepancy surfaced by CDGC
1681.1189,Bifidobacterium bifidum AM42-10,GCF_027669765.1,GCA_027669765.1,2319381,2319381.0,0.3216582355378439,True,WGS,valid genome - discrepancy surfaced by CDGC
1681.1239,Bifidobacterium bifidum F11_hBSD2780061687b_210117,GCF_028202515.1,GCA_028202515.1,2170799,2170799.0,0.3501954810187401,True,WGS,valid genome - discrepancy surfaced by CDGC
1681.1205,Bifidobacterium bifidum OF26-14pH9A,GCF_027693395.1,GCA_027693395.1,2197287,2197287.0,0.2325435867048774,True,WGS,valid genome - discrepancy surfaced by CDGC
1681.1273,Bifidobacterium bifidum RTP21484st2_G9_RTP21484_190118,GCF_028368265.1,GCA_028368265.1,2159966,2159966.0,0.4687133964145732,True,WGS,valid genome - discrepancy surfaced by CDGC
1718.142,Corynebacterium glutamicum strain CP,GCF_001447865.2,GCA_001447865.2,3347344,4447.0,0.001328515981626,True,Plasmid,plasmid (retrieval convention)
1747.1299,Cutibacterium acnes TM114-54,GCF_027680255.1,GCA_027680255.1,2477127,2477127.0,0.3241456735968725,True,WGS,valid genome - discrepancy surfaced by CDGC
1759312.3,Paenibacillus sp. ATY16,GCF_003399985.2,GCA_003399985.1,6788192,1238616.0,0.1837973940631025,True,WGS,valid genome - discrepancy surfaced by CDGC
1795630.4,Frondihabitans sp. PAMC 28766 strain SR6,GCF_001577365.1,GCA_001577365.1,4766863,212902.0,0.0534240233042149,True,Plasmid,plasmid (retrieval convention)
1870930.12,Enterobacter cloacae complex sp. 35734,GCF_000807415.2,GCA_000807415.4,5276896,141402.0,0.0304974742727542,True,Plasmid,plasmid (retrieval convention)
1856.4,Frankia sp. CpI1,GCF_000948395.1,,7624758,22437.0,0.0030338012039201,False,Plasmid,plasmid (retrieval convention)
187410.23,Yersinia pestis KIM10+,GCF_000006645.1,GCA_000006645.1,4701745,100990.0,0.0497223903040254,True,Plasmid,plasmid (retrieval convention)
1874630.4,Clavibacter michiganensis subsp. capsici strain PF008,GCF_001280205.1,GCA_001280205.1,3241713,145549.0,0.0473684746305425,True,Plasmid,plasmid (retrieval convention)
1920424.7,Paenibacillus sp. FSL R5-0490,GCF_001956215.1,,4673934,6861391.0,0.0039983448632351,False,Complete,valid genome - discrepancy surfaced by CDGC
197.24272,Campylobacter jejuni FD472,GCF_027860695.1,GCA_027860695.1,1674326,1674326.0,0.4777988277073879,True,WGS,valid genome - discrepancy surfaced by CDGC
197.24269,Campylobacter jejuni FD546.2,GCF_027859735.1,GCA_027859735.1,1768359,1768359.0,0.4881898980919598,True,WGS,valid genome - discrepancy surfaced by CDGC
2026657.5,Leuconostoc mesenteroides subsp. jonggajibkimchii strain DRC1506,GCF_001886915.1,GCA_001886915.1,1983917,46169.0,0.0266699665358984,True,Plasmid,plasmid (retrieval convention)
2057741.3,Bradyrhizobium sp. SK17 strain CBNU,GCF_002831585.1,GCA_002831585.1,8288568,285478.0,0.0378078577626436,True,Plasmid,plasmid (retrieval convention)
2060307.4,Enterococcus sp. FDAARGOS_375,GCF_002393265.1,GCA_002393265.1,3549293,147615.0,0.0479543390754158,True,Plasmid,plasmid (retrieval convention)
1001596.3,Leptospira interrogans serovar Djasiman str. LT1649,GCF_000216195.1,GCA_000216195.3,4679663,1407165.0,0.3291687884362613,True,WGS,valid genome - discrepancy surfaced by CDGC
1003239.3,Bacillus cereus C1L,GCF_002224345.1,GCA_002224345.1,6047547,715614.0,0.1264894675477511,True,Plasmid,plasmid (retrieval convention)
1004786.12,Alteromonas mediterranea DE1 strain AltDE1,GCF_000310085.1,GCA_000310085.1,4947126,303282.0,0.061304684780618,True,Plasmid,plasmid (retrieval convention)
1004787.19,Alteromonas macleodii str. 'Balearic Sea AD45',GCF_000300175.1,GCA_000300175.1,4674885,45406.0,0.0111949277896675,True,Plasmid,plasmid (retrieval convention)
1005090.6,Buchnera aphidicola str. Ak (Acyrthosiphon kondoi),GCF_000225445.1,GCA_000225445.1,653223,7784.0,0.0119162981095276,True,Plasmid,plasmid (retrieval convention)
1006007.8,Bacillus megaterium WSH-002,GCF_000225265.1,GCA_000225265.1,5075293,74613.0,0.0255691641842155,True,Plasmid,plasmid (retrieval convention)
1009856.5,Buchnera aphidicola str. USDA (Myzus persicae),GCF_000521525.1,GCA_000521525.1,651306,7802.0,0.0119790083309535,True,Plasmid,plasmid (retrieval convention)
1009857.5,Buchnera aphidicola str. W106 (Myzus persicae),GCF_000521545.1,GCA_000521545.1,651304,7802.0,0.0119790451156449,True,Plasmid,plasmid (retrieval convention)
1009858.5,Buchnera aphidicola str. G002 (Myzus persicae),GCF_000521565.1,GCA_000521565.1,651316,7799.0,0.0119742183517678,True,Plasmid,plasmid (retrieval convention)
1009859.5,Buchnera aphidicola str. F009 (Myzus persicae),GCF_000521585.1,GCA_000521585.1,651310,7800.0,0.0119758640278822,True,Plasmid,plasmid (retrieval convention)
1034807.16,Flavobacterium branchiophilum FL-15,GCF_000253275.1,GCA_000253275.1,3563292,3408.0,0.000956418951913,True,Plasmid,plasmid (retrieval convention)
1036672.2,,GCF_000219915.2,,4423879,,0.0130844446694857,False,,no current BV-BRC record
104087.17,Pseudomonas frederiksbergensis strain ERDD5:01,GCF_001874645.1,GCA_001874645.1,6118567,371069.0,0.0690329941635026,True,Plasmid,plasmid (retrieval convention)
1045776.6,Kutzneria buriramensis DSM 45791,GCF_043575855.1,,12011312,12397421.0,0.0562103457141068,False,Deprecated,flagged (deprecated)
1045858.9,Brachyspira intermedia PWS/A,GCF_000223215.1,GCA_000223215.1,3308048,3260.0,0.0009854754223638,True,Plasmid,plasmid (retrieval convention)
1052684.13,Paenibacillus polymyxa M1,GCF_000237325.1,GCA_000237325.1,6231122,366576.0,0.0620986076022905,True,Plasmid,plasmid (retrieval convention)
1055530.6,Helicobacter pylori SNT49 strain Santal49,GCF_000224575.1,GCA_000224575.1,1610830,3253.0,0.0020194558084962,True,Plasmid,plasmid (retrieval convention)
106649.8,Acinetobacter guillouiae strain KCTC 23200,GCF_000829655.1,GCA_000754005.1,4842783,3293553.0,0.1491382124699785,False,WGS,valid genome - discrepancy surfaced by CDGC
106654.43,Acinetobacter nosocomialis strain CAS04,GCF_001867335.1,GCA_001867335.1,3835469,2729370.0,0.4529704190022133,True,WGS,valid genome - discrepancy surfaced by CDGC
1076588.9,Thiolapillus brandeum strain Hiromi 1,GCF_000828615.1,GCA_000828615.1,3153637,13478.0,0.0127865065002725,True,Plasmid,plasmid (retrieval convention)
1082931.15,Pelagibacterium halotolerans B2,GCF_000230555.1,GCA_000230555.1,3948887,4050.0,0.0014472432358788,True,Plasmid,plasmid (retrieval convention)
1091041.18,Bacillus amyloliquefaciens IT-45,GCF_000242855.2,GCA_000242855.2,3936866,8009.0,0.0020343593101721,True,Plasmid,plasmid (retrieval convention)
1091494.7,Methylomicrobium alcaliphilum 20Z,GCF_000968535.2,GCA_000968535.1,4796711,128415.0,0.0293474007502223,True,Plasmid,plasmid (retrieval convention)
1094714.6,Fluoribacter dumoffii Tex-KL,GCF_000236145.1,GCA_000236145.1,3761887,126527.0,0.0342838580744185,True,Plasmid,plasmid (retrieval convention)
1105110.4,Rickettsia australis str. Cutlack,GCF_000284155.1,GCA_000284155.1,1323280,26610.0,0.0201091227858049,True,Plasmid,plasmid (retrieval convention)
1105111.4,Rickettsia amblyommatis str. GAT-30V,GCF_000284055.1,GCA_000284055.1,1480884,31974.0,0.0283107927427131,True,Plasmid,plasmid (retrieval convention)
1105112.4,Rickettsia massiliae str. AZT80,GCF_000283855.1,GCA_000283855.1,1278719,15000.0,0.0117304896540991,True,Plasmid,plasmid (retrieval convention)
1105113.4,Rickettsia rhipicephali str. 3-7-female6-CWPP,GCF_000284075.1,GCA_000284075.1,1305467,15099.0,0.0117046237093699,True,Plasmid,plasmid (retrieval convention)
1121362.1,,GCF_000341345.1,,3222008,,0.0325042644214415,False,,no current BV-BRC record
1122214.8,Martelella mediterranea DSM 17316 strain MACL11,GCF_002043005.1,GCA_002043005.1,5693067,593079.0,0.1174229988861891,True,Plasmid,plasmid (retrieval convention)
1123863.21,Pantoea ananatis LMG 5342,GCF_000283875.1,GCA_000283875.1,4908144,302599.0,0.0635474427808149,True,Plasmid,plasmid (retrieval convention)
1125847.5,Rhizobium sp. NT-26,GCF_000967425.1,GCA_000967425.1,4577425,322264.0,0.072442912773011,True,Plasmid,plasmid (retrieval convention)
1132507.14,Salmonella enterica subsp. enterica serovar Typhi str. P-stx-12,GCF_000245535.1,GCA_000245535.1,4949783,181431.0,0.0374161857196568,True,Plasmid,plasmid (retrieval convention)
1134687.27,Klebsiella michiganensis strain M1,GCF_000724525.1,GCA_000724525.1,6311385,204468.0,0.0441551260143375,True,Plasmid,plasmid (retrieval convention)
1137651.13,Xanthomonas citri subsp. citri Aw12879,GCF_000349225.1,GCA_000349225.1,5398685,58317.0,0.021857359708892,True,Plasmid,plasmid (retrieval convention)
1147754.6,Salmonella enterica subsp. enterica serovar Enteritidis str. LA5,GCF_000313715.1,GCA_000313715.2,4687212,59374.0,0.0132456138105125,True,Plasmid,plasmid (retrieval convention)
1155096.15,Borrelia crocidurae str. Achema,GCF_000259345.1,GCA_000259345.1,1528893,173158.0,0.1033224692637091,True,Plasmid,plasmid (retrieval convention)
1156800.11,Aeromonas dhakensis AAK1,GCF_000315195.1,GCA_000315195.1,4767693,4161.0,0.000872749147229,True,Plasmid,plasmid (retrieval convention)
1160717.5,Salmonella enterica subsp. enterica serovar Heidelberg str. B182,GCF_000258365.1,GCA_000258365.1,4788046,37581.0,0.0079186791438511,True,Plasmid,plasmid (retrieval convention)
1163419.3,Hyphomicrobium sp. 99,GCF_000384335.2,GCA_000384335.2,4108307,4382355.0,0.0369468493956269,True,WGS,valid genome - discrepancy surfaced by CDGC
1163745.8,Helicobacter cetorum MIT 99-5656,GCF_000259275.1,GCA_000259275.1,1847790,14124.0,0.0294189274755248,True,Plasmid,plasmid (retrieval convention)
1166018.7,Fibrella aestuarina BUZ 2,GCF_000331105.1,GCA_000331105.1,6937263,161819.0,0.0235884094346718,True,Plasmid,plasmid (retrieval convention)
1167006.13,Desulfocapsa sulfexigens DSM 10523,GCF_000341395.1,GCA_000341395.1,4023512,36751.0,0.0095255090577584,True,Plasmid,plasmid (retrieval convention)
1172562.6,Helicobacter cinaedi PAGU611,GCF_000284635.1,GCA_000284635.1,2101402,23054.0,0.0123412845328975,True,Plasmid,plasmid (retrieval convention)
1185876.7,Fibrisoma limi BUZ 3 strain type strain:BUZ 3,GCF_000296815.2,GCA_000296815.2,7626970,151932.0,0.0200099121931776,True,Plasmid,plasmid (retrieval convention)
1192034.3,Chondromyces apiculatus DSM 436,GCF_000601485.1,GCA_000601485.1,11577721,9442154.0,0.0158931105698608,True,WGS,valid genome - discrepancy surfaced by CDGC
1192759.4,Sphingobium xenophagum QYY,GCF_000277525.1,,4221110,5683.0,0.0018241647339206,False,Plasmid,plasmid (retrieval convention)
1194424.9,Zymomonas mobilis subsp. mobilis NRRL B-12526,GCF_000576125.1,GCA_000576125.1,2178998,37061.0,0.0177430176622465,True,Plasmid,plasmid (retrieval convention)
1198232.7,Cycloclasticus zancles 78-ME,GCF_000442595.1,GCA_000442595.1,2655425,42347.0,0.0159473530602445,True,Plasmid,plasmid (retrieval convention)
1200793.8,Streptococcus salivarius K12,GCF_000286295.1,GCA_000286295.1,2426359,185045.0,0.0808149165065845,True,Plasmid,plasmid (retrieval convention)
1208583.5,Commensalibacter sp. MX01,GCF_000527695.1,GCA_000527695.1,2332652,15425.0,0.0070550600775426,True,Plasmid,plasmid (retrieval convention)
1212491.4,Legionella fallonii LLAP-10,GCF_000953135.1,GCA_000953135.1,4434890,238761.0,0.0593101519992604,True,Plasmid,plasmid (retrieval convention)
1215088.5,Pseudomonas putida HB3267 strain PC9,GCF_000325725.1,GCA_000325725.1,5956110,80360.0,0.014760304964146,True,Plasmid,plasmid (retrieval convention)
1218591.3,Leptospira vanthielii serovar Holland str. Waz Holland = ATCC 700522,GCF_000332455.1,GCA_000332455.2,4232327,1779701.0,0.4221299535692776,True,WGS,valid genome - discrepancy surfaced by CDGC
1218598.3,Leptospira weilii serovar Ranarum str. ICFT,GCF_000332415.1,GCA_000332415.2,4026722,1099572.0,0.2802401059720537,True,WGS,valid genome - discrepancy surfaced by CDGC
1255307.5,Erwinia amylovora CFBP 1232 strain type strain: CFBP 1232,GCF_000367625.1,GCA_000367625.2,3795525,28250.0,0.0074429756094347,True,Plasmid,plasmid (retrieval convention)
1224163.4,Corynebacterium maris DSM 45190,GCF_000442645.1,GCA_000442645.1,2833547,45973.0,0.0167599125760045,True,Plasmid,plasmid (retrieval convention)
1229758.7,Leuconostoc carnosum JB16,GCF_000300135.1,GCA_000300135.1,1773468,40165.0,0.0239226194101049,True,Plasmid,plasmid (retrieval convention)
1230338.4,Moraxella macacae 0408225,GCF_000320365.1,GCA_000320365.1,2084664,5375.0,0.0025783531542733,True,Plasmid,plasmid (retrieval convention)
1238.195,Piscirickettsia salmonis strain PM15972A1,GCF_000756435.2,GCA_000756435.3,3245670,82130.0,0.058064128515838,True,Plasmid,plasmid (retrieval convention)
1238.199,Piscirickettsia salmonis strain PM32597B1,GCF_000756415.2,GCA_000756415.3,3509678,181035.0,0.219075368167678,True,Plasmid,plasmid (retrieval convention)
1247726.11,Advenella mimigardefordensis DPN7,GCF_000521505.1,GCA_000521505.1,4764126,23610.0,0.0053734934802312,True,Plasmid,plasmid (retrieval convention)
1248417.4,Clostridium botulinum Af84,GCF_000439815.2,GCA_000439815.2,4086083,246124.0,0.068075220204778,True,Plasmid,plasmid (retrieval convention)
1254.715,Pediococcus acidilactici 2217st1_D10_2217SCRN_200827,GCF_028328165.1,GCA_028328165.1,2073235,2073235.0,0.4905965797413221,True,WGS,valid genome - discrepancy surfaced by CDGC
1265601.21,Streptomyces sp. PAMC 26508,GCF_000364805.1,GCA_000364805.1,7630245,104048.0,0.0142557676719423,True,Plasmid,plasmid (retrieval convention)
1268635.5,Legionella oakridgensis ATCC 33761 = DSM 21215 strain ATCC 33761 = DSM 21215; OR-10,GCF_000512355.1,GCA_000512355.1,2773209,50245.0,0.0181179997612873,True,Plasmid,plasmid (retrieval convention)
46170.456,Staphylococcus aureus subsp. aureus strain UCI62,GCF_001975005.1,GCA_001975005.1,2927237,26856.0,0.0097931940597908,True,Plasmid,plasmid (retrieval convention)
1281486.12,Lactococcus formosensis AF101-03,GCF_027687305.1,GCA_027687305.1,2112194,2112194.0,0.4620920237440311,True,WGS,valid genome - discrepancy surfaced by CDGC
1283291.4,Pseudomonas sp. URMO17WK12:I11,GCF_000514235.1,GCF_001511755.1,4693207,6374437.0,0.3056413237259724,False,Complete,valid genome - discrepancy surfaced by CDGC
1284.37,Staphylococcus hyicus strain CCUG 6509,GCF_003970475.1,GCA_003970555.1,2449200,2633558.0,0.0933676302466111,False,WGS,valid genome - discrepancy surfaced by CDGC
1286171.8,Peptoclostridium acidaminophilum DSM 3953 strain al-2,GCF_000597865.1,GCA_000597865.1,3055036,808774.0,0.2964354593530158,True,Plasmid,plasmid (retrieval convention)
1290.501,Staphylococcus hominis TM114-129,GCF_027689655.1,GCA_027689655.1,2199909,2199909.0,0.3521550209576851,True,WGS,valid genome - discrepancy surfaced by CDGC
1291742.5,Lactobacillus hokkaidonensis JCM 18461 strain LOOC260,GCF_000829395.1,GCA_000829395.1,2400586,81630.0,0.0364523495513178,True,Plasmid,plasmid (retrieval convention)
147469.3,Staphylococcus sciuri subsp. rodentium strain CCUG 37923,GCF_003968855.1,GCA_003970475.1,2896454,2449200.0,0.074390271690833,False,WGS,valid genome - discrepancy surfaced by CDGC
1297617.172,Intestinimonas butyriciproducens 1001302st2_C5_1001302B_160321,GCF_028321785.1,GCA_028321785.1,3088537,3088537.0,0.3816408869312558,True,WGS,valid genome - discrepancy surfaced by CDGC
1300258.6,Alteromonas mediterranea UM7 strain Ionian Sea UM7,GCF_000439575.1,GCA_000439575.1,4931660,303282.0,0.0614969401783577,True,Plasmid,plasmid (retrieval convention)
1303.1132,Streptococcus oralis DP3_neg1_1,GCF_028307925.1,GCA_028307925.1,1896311,1896311.0,0.4420255960124684,True,WGS,valid genome - discrepancy surfaced by CDGC
1313.17685,Streptococcus pneumoniae strain 35C,GCF_001340495.1,GCA_001341675.1,2071732,340.0,0.0003103683294943,False,WGS,valid genome - discrepancy surfaced by CDGC
1314.2783,Streptococcus pyogenes strain GCH174,GCF_013315315.1,GCA_013315315.1,1800960,1800960.0,0.341762171286425,True,WGS,valid genome - discrepancy surfaced by CDGC
1315314.5,Vibrio cholerae VCC19,GCF_000438805.2,GCA_000438805.2,4134889,4418874.0,0.2730631946830979,True,WGS,valid genome - discrepancy surfaced by CDGC
1323661.12,Staphylococcus aureus CA-347,GCF_000412775.1,GCA_000412775.1,2875156,24653.0,0.0085744912623871,True,Plasmid,plasmid (retrieval convention)
1351.7968,Enterococcus faecalis 1001713st1_C8_1001713B170131_170501,GCF_028208185.1,GCA_028208185.1,2681044,2681044.0,0.4067512506322164,True,WGS,valid genome - discrepancy surfaced by CDGC
1351.7928,Enterococcus faecalis 7-19,GCF_027853875.1,GCA_027853875.1,2906921,2906921.0,0.4696663583220872,True,WGS,valid genome - discrepancy surfaced by CDGC
1351.7992,Enterococcus faecalis H8_m1001262Bd0_191120,GCF_028320955.1,GCA_028320955.1,2957293,2957293.0,0.4606124587587364,True,WGS,valid genome - discrepancy surfaced by CDGC
1351.794,Enterococcus faecalis strain CVM N59841F,GCF_028200665.1,GCA_002944755.1,2734081,3048087.0,0.4753290045174229,False,WGS,valid genome - discrepancy surfaced by CDGC
1351.7914,Enterococcus faecalis TF109-08,GCF_027690375.1,GCA_027690375.1,2825875,2825875.0,0.4435210333082673,True,WGS,valid genome - discrepancy surfaced by CDGC
1351.7913,Enterococcus faecalis TF109-38,GCF_027690295.1,GCA_027690295.1,2829318,2829318.0,0.4505318949655005,True,WGS,valid genome - discrepancy surfaced by CDGC
1358.1906,Lactococcus lactis DRD-206,GCF_027706945.1,GCA_027706945.1,2541720,2541720.0,0.4699258769652046,True,WGS,valid genome - discrepancy surfaced by CDGC
139.491,Borreliella burgdorferi B31_NRZ,GCF_002151505.1,,1341182,61418.0,0.1450958930257042,False,Plasmid,plasmid (retrieval convention)
139.519,Borreliella burgdorferi PAbe,GCF_002151485.1,,1301554,62238.0,0.1407333080302469,False,Plasmid,plasmid (retrieval convention)
